{"P": 0.4343588181541273, "R": 0.983448275862069, "IoU": 0.4312065315996371, "F-score": 0.6025776463131206, "tn": 666071527, "fp": 20427, "fn": 264, "tp": 15686}