{"loss": [0.24897009134292603, 0.2834724187850952, 0.2508436441421509, 0.24401700496673584, 0.2649950683116913, 0.23384323716163635], "dice_coef": [0.0003826735191978514, 0.001628974569030106, 0.0012357725063338876, 0.0007179671083576977, 0.0011326069943606853, 0.0010529010323807597], "precision": [0.0001928175479406491, 0.0007932083681225777, 0.000543611531611532, 0.000322366802720353, 0.0005151561344973743, 0.0005367880221456289], "recall": [1.0, 1.0, 1.0, 1.0, 1.0, 1.0], "val_loss": [0.00015781100955791771, 0.0001761658932082355, 0.00019587381393648684, 0.00021474323875736445, 0.00023209727078210562, 0.00024746728013269603], "val_dice_coef": [0.8816207051277161, 0.8692112565040588, 0.8576831221580505, 0.8465833067893982, 0.8346534967422485, 0.8225557804107666], "val_precision": [0.8173912763595581, 0.7899159789085388, 0.7642276287078857, 0.7642276287078857, 0.7580645084381104, 0.7286821603775024], "val_recall": [1.0, 1.0, 1.0, 1.0, 1.0, 1.0]}