{"P": 0.7164662126261895, "R": 0.9299686520376176, "IoU": 0.6797891842346471, "F-score": 0.8093744031866424, "tn": 666086084, "fp": 5870, "fn": 1117, "tp": 14833}