{"loss": [0.01856633834540844, 0.018229059875011444, 0.010064310394227505, 0.019375422969460487, 0.011421138420701027, 0.011011481285095215], "dice_coef": [0.0036673531867563725, 0.016958853229880333, 0.022062018513679504, 0.006165477447211742, 0.016524480655789375, 0.014943372458219528], "precision": [0.002333846176043153, 0.011777778156101704, 0.01690821163356304, 0.0037004221230745316, 0.01332525722682476, 0.011081106029450893], "recall": [1.0, 1.0, 1.0, 1.0, 1.0, 1.0], "val_loss": [8.152840018738061e-05, 0.0001148739320342429, 0.00014253801782615483, 0.0001631019258638844, 0.00018352166807744652, 0.00019559006614144892], "val_dice_coef": [0.911961555480957, 0.8796321749687195, 0.8563460111618042, 0.8393678069114685, 0.8223639726638794, 0.8114039897918701], "val_precision": [0.9450549483299255, 0.9512194991111755, 0.9615384340286255, 0.9594594836235046, 0.9583333134651184, 0.9577465057373047], "val_recall": [0.914893627166748, 0.8297872543334961, 0.7978723645210266, 0.7553191781044006, 0.7340425252914429, 0.7234042286872864]}