{"P": 2.421961583669353e-05, "R": 0.9866457680250784, "IoU": 2.4219607897214306e-05, "F-score": 4.8438042644028465e-05, "tn": 16345114, "fp": 649746840, "fn": 213, "tp": 15737}