{"loss": [0.9570105671882629, 0.8280299305915833, 0.7140337228775024, 0.6155569553375244, 0.5378880500793457, 0.45627495646476746], "dice_coef": [4.2949912312906235e-05, 0.0002333683951292187, 9.553536074236035e-05, 4.750310108647682e-05, 6.862871669000015e-05, 5.903268902329728e-05], "precision": [1.5303461623261683e-05, 9.939537267200649e-05, 4.317734783398919e-05, 2.3855049221310765e-05, 5.5895274272188544e-05, 5.6701665016589686e-05], "recall": [0.5227272510528564, 0.6132075190544128, 0.308270663022995, 0.18309858441352844, 0.11363636702299118, 0.05042016878724098], "val_loss": [1.0245320796966553, 3.3265509605407715, 11.186284065246582, 13.239930152893066, 8.743451118469238, 8.461013793945312], "val_dice_coef": [0.0004127491847611964, 0.00038051282172091305, 0.000366183347068727, 0.00036539931898005307, 0.0003833970404230058, 0.0003151738492306322], "val_precision": [0.00018469180213287473, 0.00018046071636490524, 0.00018020090647041798, 0.00018014185479842126, 0.00018284381076227874, 0.0001838979806052521], "val_recall": [1.0, 1.0, 1.0, 1.0, 1.0, 0.9468085169792175]}