{"P": 0.8387519500780031, "R": 0.8426959247648903, "IoU": 0.7252077263407791, "F-score": 0.8407193119624707, "tn": 666089370, "fp": 2584, "fn": 2509, "tp": 13441}