{"loss": [0.002690780907869339, 0.0017010723240673542, 0.001581807155162096, 0.0013662895653396845, 0.00123595108743757, 0.0010227678576484323], "dice_coef": [0.025399524718523026, 0.19221630692481995, 0.16514940559864044, 0.06519194692373276, 0.14708101749420166, 0.16813898086547852], "precision": [0.01883561722934246, 0.15121255815029144, 0.10230769217014313, 0.09491978585720062, 0.13850997388362885, 0.18140244483947754], "recall": [1.0, 1.0, 1.0, 1.0, 1.0, 1.0], "val_loss": [0.0002462701522745192, 0.0005479803658090532, 0.00071710319025442, 0.0008517084643244743, 0.0009488796349614859, 0.00101074343547225], "val_dice_coef": [0.8504292964935303, 0.7678610682487488, 0.7104350328445435, 0.673440158367157, 0.6463926434516907, 0.6287522315979004], "val_precision": [0.948051929473877, 0.9538461565971375, 0.9636363387107849, 0.9795918464660645, 0.978723406791687, 0.9777777791023254], "val_recall": [0.7765957713127136, 0.6595744490623474, 0.563829779624939, 0.5106382966041565, 0.4893617033958435, 0.4680851101875305]}