{"P": 0.0513404861783371, "R": 0.9576175548589342, "IoU": 0.051224092829834325, "F-score": 0.09745608606047457, "tn": 665809724, "fp": 282230, "fn": 676, "tp": 15274}