{"loss": [0.007052032742649317, 0.005932970438152552, 0.00360104045830667, 0.0028696092776954174, 0.0018370585748925805, 0.001860541058704257, 0.0013959320494905114, 0.0012980303727090359, 0.0008822381496429443, 0.001207207329571247, 0.000814989092759788, 0.0006435270188376307, 0.000759340706281364, 0.0006214698078110814, 0.0005211894167587161], "dice_coef": [0.047338712960481644, 0.06652138382196426, 0.09935387969017029, 0.13747374713420868, 0.1457817256450653, 0.1744718849658966, 0.21612346172332764, 0.1959659308195114, 0.2748926281929016, 0.2663861811161041, 0.30649614334106445, 0.3251212537288666, 0.2859555780887604, 0.36225780844688416, 0.4009312689304352], "precision": [0.019347235560417175, 0.020989330485463142, 0.04315789416432381, 0.046034716069698334, 0.08307518810033798, 0.08697467297315598, 0.10577644407749176, 0.12722326815128326, 0.19121858477592468, 0.10255854576826096, 0.22131147980690002, 0.26162537932395935, 0.19315403699874878, 0.22338642179965973, 0.33024391531944275], "recall": [0.9882943034172058, 0.9854280352592468, 0.9924356937408447, 0.9747747778892517, 0.9866220951080322, 0.978090763092041, 0.9757785201072693, 0.9918434023857117, 0.975649356842041, 0.959432065486908, 0.9878048896789551, 0.9804560542106628, 0.9667832255363464, 0.9779816269874573, 0.9883211851119995], "val_loss": [6.14662712905556e-05, 7.747155905235559e-05, 7.998780347406864e-05, 7.677247049286962e-05, 6.887783820275217e-05, 6.064907574909739e-05, 5.250978938420303e-05, 4.5972141379024833e-05, 4.087045817868784e-05, 3.8456539186881855e-05, 3.880440999637358e-05, 4.199134491500445e-05, 4.7648947656853124e-05, 5.519493788597174e-05, 6.49735884508118e-05], "val_dice_coef": [0.7969139218330383, 0.7472633719444275, 0.7368740439414978, 0.7440055012702942, 0.7668857574462891, 0.7915746569633484, 0.81602543592453, 0.8358117938041687, 0.8519122004508972, 0.8613990545272827, 0.8646029233932495, 0.861221969127655, 0.8522669076919556, 0.8389924764633179, 0.8206928968429565], "val_precision": [0.9813084006309509, 0.9898989796638489, 0.9897959232330322, 0.9896907210350037, 0.9900000095367432, 0.9813084006309509, 0.9652174115180969, 0.9426229596138, 0.9185185432434082, 0.9007092118263245, 0.8580645322799683, 0.8273809552192688, 0.8160919547080994, 0.7729730010032654, 0.7486910820007324], "val_recall": [0.695364236831665, 0.6490066051483154, 0.6423841118812561, 0.6357616186141968, 0.6556291580200195, 0.695364236831665, 0.7350993156433105, 0.7615894079208374, 0.8211920261383057, 0.8410596251487732, 0.8807947039604187, 0.9205297827720642, 0.940397322177887, 0.9470198750495911, 0.9470198750495911]}