{"P": 0.7580531261882775, "R": 0.8749216300940439, "IoU": 0.6839345226426191, "F-score": 0.8123053639512209, "tn": 666087500, "fp": 4454, "fn": 1995, "tp": 13955}