{"loss": [0.6014525294303894, 0.6156988143920898, 0.5317939519882202, 0.5494703650474548, 0.45721235871315, 0.49512067437171936], "dice_coef": [0.0014717128360643983, 0.0012545401696115732, 0.0018867284525185823, 0.0015297146746888757, 0.00177577487193048, 0.002254967810586095], "precision": [0.0006423011654987931, 0.0005836886703036726, 0.0007989766891114414, 0.0006561705376952887, 0.0007940070354379714, 0.0008202642784453928], "recall": [0.9214046597480774, 0.9180327653884888, 0.9364598989486694, 0.9063063263893127, 0.9347826242446899, 0.9186228513717651], "val_loss": [0.0001918345660669729, 0.00026012142188847065, 0.00031436188146471977, 0.0003774830256588757, 0.00046855327673256397, 0.0005785678513348103], "val_dice_coef": [0.7500960826873779, 0.7053018808364868, 0.6706027984619141, 0.61435866355896, 0.5589903593063354, 0.5171408653259277], "val_precision": [0.6329113841056824, 0.5703421831130981, 0.5338078141212463, 0.4869281053543091, 0.42939481139183044, 0.3880208432674408], "val_recall": [0.9933775067329407, 0.9933775067329407, 0.9933775067329407, 0.9867549538612366, 0.9867549538612366, 0.9867549538612366]}