{"loss": [0.7311668992042542, 0.39394164085388184, 0.2683476209640503, 0.2248934954404831, 0.21041329205036163, 0.1805095076560974, 0.16170574724674225, 0.14969491958618164, 0.14126567542552948, 0.1318238526582718, 0.12548458576202393, 0.11996280401945114, 0.11383388191461563, 0.10738357901573181, 0.10266833007335663, 0.09777519851922989, 0.09886514395475388, 0.09358392655849457, 0.08833181858062744, 0.08439505100250244], "dice_coef": [7.693073712289333e-05, 7.652795466128737e-05, 0.00010980964725604281, 0.0001058328925864771, 0.00013317550474312156, 0.00015626980166416615, 0.00016046370728872716, 0.0001763159962138161, 0.0001881565258372575, 0.00015712628373876214, 0.00020627134654205292, 0.00020780523482244462, 0.00019498101028148085, 0.00018302834359928966, 0.00023714003327768296, 0.0001905397220980376, 0.00018837768584489822, 0.00017285447393078357, 0.0002399203076492995, 0.00016882324416656047], "precision": [3.2635736715747043e-05, 0.00013265825691632926, 0.0006841025315225124, 0.0, 0.0, 0.0, 0.0, 0.0, 0.0, 0.0, 0.0, 0.0, 0.0, 0.0, 0.0, 0.0, 0.0, 0.0, 0.0, 0.0], "recall": [0.2675585150718689, 0.0765027329325676, 0.01966717094182968, 0.0, 0.0, 0.0, 0.0, 0.0, 0.0, 0.0, 0.0, 0.0, 0.0, 0.0, 0.0, 0.0, 0.0, 0.0, 0.0, 0.0], "val_loss": [1.4688241481781006, 2.842808961868286, 0.49522367119789124, 0.40135207772254944, 0.32365986704826355, 0.2833530902862549, 0.2589546740055084, 0.2340807467699051, 0.2222003936767578, 0.2033693492412567, 0.1882815957069397, 0.17542019486427307, 0.1580827236175537, 0.14454157650470734, 0.13249799609184265, 0.120652936398983, 0.1608102023601532, 0.11238869279623032, 0.10480079799890518, 0.09674116969108582], "val_dice_coef": [0.00010941646905848756, 0.00012047919153701514, 0.00013023616338614374, 0.00013735503307543695, 0.0001448456896468997, 0.00014741596532985568, 0.0001533453760202974, 0.00016010808758437634, 0.00016336352564394474, 0.00016811257228255272, 0.00016949904966168106, 0.000171782448887825, 0.00017456206842325628, 0.0001804432540666312, 0.00018609674589242786, 0.00019149886793456972, 0.00017963537538889796, 0.00019507571414578706, 0.00019807989883702248, 0.0001998839434236288], "val_precision": [5.653621337842196e-05, 6.0370923165464774e-05, 0.00025464731152169406, 0.0, 0.0, 0.0, 0.0, 0.0, 0.0, 0.0, 0.0, 0.0, 0.0, 0.0, 0.0, 0.0, 0.0, 0.0, 0.0, 0.0], "val_recall": [0.5364238619804382, 0.748344361782074, 0.0066225165501236916, 0.0, 0.0, 0.0, 0.0, 0.0, 0.0, 0.0, 0.0, 0.0, 0.0, 0.0, 0.0, 0.0, 0.0, 0.0, 0.0, 0.0]}