{"P": 0.9543387139926871, "R": 0.6709090909090909, "IoU": 0.6500425221722755, "F-score": 0.7879100246659059, "tn": 666091442, "fp": 512, "fn": 5249, "tp": 10701}