{"loss": [0.0008218922885134816, 0.000650555535685271, 0.0004553762555588037, 0.00035806751111522317, 0.0003245949337724596, 0.0002608031500130892], "dice_coef": [0.343353807926178, 0.40262073278427124, 0.5402191877365112, 0.554188072681427, 0.5786377787590027, 0.6327735185623169], "precision": [0.2427816241979599, 0.27828747034072876, 0.42260757088661194, 0.4285714328289032, 0.45363983511924744, 0.5281276106834412], "recall": [0.9983277320861816, 0.994535505771637, 0.9954614043235779, 0.9837837815284729, 0.9899665713310242, 0.9843505620956421], "val_loss": [0.0003281866083852947, 0.00041209804476238787, 0.00043194033787585795, 0.0004307633207645267, 0.0004132144676987082, 0.0003920961171388626], "val_dice_coef": [0.5799048542976379, 0.5027961134910583, 0.4854535460472107, 0.48541420698165894, 0.497363805770874, 0.5113705396652222], "val_precision": [1.0, 1.0, 1.0, 1.0, 1.0, 1.0], "val_recall": [0.4370861053466797, 0.3642384111881256, 0.34437087178230286, 0.34437087178230286, 0.3576158881187439, 0.3642384111881256]}