{"P": 0.8956289027653881, "R": 0.818307210031348, "IoU": 0.7470665674546391, "F-score": 0.8552239294957901, "tn": 666090433, "fp": 1521, "fn": 2898, "tp": 13052}