{"loss": [0.1104031354188919, 0.09196057915687561, 0.08654531091451645, 0.08485863357782364, 0.059515565633773804, 0.07457135617733002, 0.06927140057086945, 0.04529900103807449, 0.056006450206041336, 0.052504200488328934, 0.040244847536087036, 0.03790358826518059, 0.02819138392806053, 0.023511076346039772, 0.03322251886129379, 0.026326114311814308, 0.012934194877743721, 0.00920413713902235, 0.016421139240264893, 0.016919348388910294], "dice_coef": [0.0047152782790362835, 0.00691242003813386, 0.004591578617691994, 0.015180704183876514, 0.008378995582461357, 0.011320734396576881, 0.005339369643479586, 0.015292699448764324, 0.006097464356571436, 0.011909106746315956, 0.04022323340177536, 0.011619368568062782, 0.027592096477746964, 0.016888972371816635, 0.023622486740350723, 0.009024480357766151, 0.039505183696746826, 0.07866132259368896, 0.01529698260128498, 0.03527006879448891], "precision": [0.0028971596620976925, 0.0034281008411198854, 0.002201277995482087, 0.0046845595352351665, 0.003139803186058998, 0.004965533502399921, 0.0027034396771341562, 0.007814012467861176, 0.002073099371045828, 0.0049795350059866905, 0.006582386326044798, 0.006046622525900602, 0.01004802156239748, 0.00864858366549015, 0.007370199076831341, 0.004056683741509914, 0.027394939213991165, 0.031350262463092804, 0.007765830494463444, 0.019955264404416084], "recall": [1.0, 1.0, 1.0, 0.9978213310241699, 1.0, 1.0, 1.0, 0.9866666793823242, 1.0, 0.9970414042472839, 0.9941520690917969, 0.9967213273048401, 0.9974093437194824, 0.9896193742752075, 0.997032642364502, 1.0, 0.9877800345420837, 0.991304337978363, 0.988304078578949, 0.9869847893714905], "val_loss": [8.006038115127012e-05, 7.608853047713637e-05, 7.676193490624428e-05, 7.184163405327126e-05, 7.25168501958251e-05, 7.156495848903432e-05, 6.923026376171038e-05, 6.719759403495118e-05, 6.455123366322368e-05, 6.229543214431033e-05, 6.043343455530703e-05, 5.9056175814475864e-05, 5.818803401780315e-05, 5.8125442592427135e-05, 5.6908455007942393e-05, 5.7083354477072135e-05, 5.759644045610912e-05, 5.866914943908341e-05, 5.961957504041493e-05, 5.982027869322337e-05], "val_dice_coef": [0.655348539352417, 0.6583420634269714, 0.6555493474006653, 0.6656892895698547, 0.6622902750968933, 0.6645135283470154, 0.6718881130218506, 0.6762099266052246, 0.6804839968681335, 0.68378084897995, 0.6859453320503235, 0.6869853734970093, 0.6863420605659485, 0.6840224266052246, 0.6843376755714417, 0.6808123588562012, 0.6765271425247192, 0.6692759990692139, 0.6596853137016296, 0.6543024182319641], "val_precision": [0.48275861144065857, 0.48275861144065857, 0.5, 0.5, 0.5, 0.5185185074806213, 0.5185185074806213, 0.5185185074806213, 0.5185185074806213, 0.5185185074806213, 0.5185185074806213, 0.5185185074806213, 0.5185185074806213, 0.5185185074806213, 0.5185185074806213, 0.5185185074806213, 0.5185185074806213, 0.5, 0.5, 0.48148149251937866], "val_recall": [1.0, 1.0, 1.0, 1.0, 1.0, 1.0, 1.0, 1.0, 1.0, 1.0, 1.0, 1.0, 1.0, 1.0, 1.0, 1.0, 1.0, 0.9285714030265808, 0.9285714030265808, 0.9285714030265808]}