{"loss": [0.17425307631492615, 0.19522923231124878, 0.16636668145656586, 0.20772917568683624, 0.15634088218212128, 0.17314724624156952], "dice_coef": [0.002911482471972704, 0.003510136855766177, 0.0021783881820738316, 0.004833721090108156, 0.0029583810828626156, 0.005217681638896465], "precision": [0.0018127699149772525, 0.0017902221297845244, 0.0011546756140887737, 0.002157471841201186, 0.0013946236576884985, 0.002415707800537348], "recall": [0.9938650131225586, 0.994413435459137, 0.9902912378311157, 1.0, 0.9956521987915039, 0.9929412007331848], "val_loss": [0.00011708279635058716, 0.00013707581092603505, 0.00015803526912350208, 0.00017693940026219934, 0.00019675209478009492, 0.0002143428282579407], "val_dice_coef": [0.6071812510490417, 0.5718628168106079, 0.543738067150116, 0.5201444625854492, 0.49550360441207886, 0.47377949953079224], "val_precision": [0.4375, 0.37837839126586914, 0.3589743673801422, 0.3589743673801422, 0.3414634168148041, 0.31111112236976624], "val_recall": [1.0, 1.0, 1.0, 1.0, 1.0, 1.0]}