{"P": 0.8002392344497608, "R": 0.8808150470219436, "IoU": 0.7220537595723904, "F-score": 0.8385960723452517, "tn": 666088447, "fp": 3507, "fn": 1901, "tp": 14049}