{"loss": [0.4052821099758148, 0.3587275445461273, 0.31816232204437256, 0.28989094495773315, 0.25941434502601624, 0.2194456309080124, 0.20351263880729675, 0.174154132604599, 0.15705886483192444, 0.1381371021270752, 0.12496127933263779, 0.11417154222726822, 0.10889659076929092], "dice_coef": [0.00038060074439272285, 0.000584652938414365, 0.0003748925810214132, 0.001020690193399787, 0.00045506394235417247, 0.0010275228414684534, 0.0005499672843143344, 0.0011537697864696383, 0.00031759304692968726, 0.0006314591155387461, 0.00042921892600134015, 0.0008658376755192876, 0.0009685389813967049], "precision": [0.0007766455528326333, 0.0019744683522731066, 0.002130986889824271, 0.009491662494838238, 0.006675034295767546, 0.017540106549859047, 0.01250801794230938, 0.058983419090509415, 0.007011126261204481, 0.023142509162425995, 0.009280742146074772, 0.05404040589928627, 0.046214789152145386], "recall": [0.48466256260871887, 0.6061452627182007, 0.6019417643547058, 0.7167755961418152, 0.508695662021637, 0.5788235068321228, 0.5131579041481018, 0.48222222924232483, 0.3333333432674408, 0.2248520702123642, 0.08187134563922882, 0.3508196771144867, 0.27202072739601135], "val_loss": [0.6846412420272827, 0.6708840131759644, 0.6532829999923706, 0.6482319235801697, 0.6455291509628296, 0.6054940223693848, 0.541138231754303, 0.5102651715278625, 0.550997793674469, 0.9789832830429077, 1.0697877407073975, 0.6921325922012329, 0.9038047194480896], "val_dice_coef": [5.767224502051249e-05, 5.81294261792209e-05, 5.857249925611541e-05, 5.8854991948464885e-05, 5.870510722161271e-05, 5.829258952871896e-05, 5.838322249474004e-05, 5.7784185628406703e-05, 5.821123340865597e-05, 6.771272455807775e-05, 6.501242751255631e-05, 6.556672451552004e-05, 6.416189717128873e-05], "val_precision": [2.497090827091597e-05, 6.980245962040499e-05, 0.00010052271682070568, 0.00011398609058232978, 0.00010212940105702728, 0.00010595464846119285, 0.00013623978884425014, 0.0, 0.0, 3.266372732468881e-05, 2.8824195396737196e-05, 5.103366493131034e-05, 3.967031079810113e-05], "val_recall": [0.3571428656578064, 0.5, 0.2857142984867096, 0.3571428656578064, 0.2857142984867096, 0.1428571492433548, 0.0714285746216774, 0.0, 0.0, 0.9285714030265808, 0.9285714030265808, 0.7857142686843872, 0.9285714030265808]}