{"P": 3.322772454880904e-05, "R": 0.15047021943573669, "IoU": 3.322149225683148e-05, "F-score": 6.644077725189596e-05, "tn": 593865514, "fp": 72226440, "fn": 13550, "tp": 2400}