{"loss": [0.0004122225509490818, 0.0005573962116613984, 0.0002885580179281533, 0.00035299715818837285, 0.00032406748505309224, 0.0002797798370011151], "dice_coef": [0.49978557229042053, 0.36725813150405884, 0.4713485836982727, 0.610145628452301, 0.39071059226989746, 0.6366690397262573], "precision": [0.44841817021369934, 0.4162790775299072, 0.4170040488243103, 0.5899742841720581, 0.42830538749694824, 0.6222547292709351], "recall": [1.0, 1.0, 1.0, 1.0, 1.0, 1.0], "val_loss": [2.4782739274087362e-05, 4.4415053707780316e-05, 6.116968870628625e-05, 8.404138498008251e-05, 9.76869196165353e-05, 0.00010812615801114589], "val_dice_coef": [0.9206064343452454, 0.8657694458961487, 0.8324437141418457, 0.7868211269378662, 0.7669159173965454, 0.7472178936004639], "val_precision": [1.0, 1.0, 1.0, 1.0, 1.0, 1.0], "val_recall": [0.8571428656578064, 0.7857142686843872, 0.7142857313156128, 0.6428571343421936, 0.6428571343421936, 0.5714285969734192]}