{"P": 0.9575863980779893, "R": 0.649717868338558, "IoU": 0.6315436650618563, "F-score": 0.7741670401912446, "tn": 666091495, "fp": 459, "fn": 5587, "tp": 10363}