{"P": 0.8770474367155924, "R": 0.7754858934169279, "IoU": 0.6994458267360326, "F-score": 0.8231457757960935, "tn": 666090220, "fp": 1734, "fn": 3581, "tp": 12369}