{"loss": [0.2636834383010864, 0.26853588223457336, 0.2774371802806854, 0.2594795823097229, 0.26125001907348633, 0.2549378573894501, 0.2523520290851593, 0.24847109615802765, 0.2416667491197586, 0.23726312816143036, 0.22723199427127838, 0.22272951900959015], "dice_coef": [0.003999199252575636, 0.003999438602477312, 0.004153331276029348, 0.00439820159226656, 0.004151034634560347, 0.0046028741635382175, 0.004477184731513262, 0.004465638659894466, 0.004322064109146595, 0.004641653038561344, 0.00475554121658206, 0.005817668978124857], "precision": [0.0020655833650380373, 0.0020258959848433733, 0.0020510205067694187, 0.002129399450495839, 0.0021184231154620647, 0.0021526466589421034, 0.0021859321277588606, 0.0022356058470904827, 0.002302654553204775, 0.002329363487660885, 0.0024236610624939203, 0.002423602622002363], "recall": [0.9889610409736633, 0.9792208075523376, 0.9922077655792236, 0.9909090995788574, 0.9889610409736633, 0.9863636493682861, 0.9876623153686523, 0.9909090995788574, 0.9876623153686523, 0.9896103739738464, 0.9909090995788574, 0.9928571581840515], "val_loss": [0.0009351542103104293, 0.0007031274144537747, 0.0005072536296211183, 0.00036345701664686203, 0.00027184138889424503, 0.000226988282520324, 0.00022110760619398206, 0.00024831967311911285, 0.0003043321194127202, 0.00039008926250971854, 0.00050169083988294, 0.0006362400017678738], "val_dice_coef": [0.39589032530784607, 0.49275100231170654, 0.5966711640357971, 0.6812154650688171, 0.7281048893928528, 0.7370852828025818, 0.7139133810997009, 0.6739128232002258, 0.6253769993782043, 0.5746626257896423, 0.5254756212234497, 0.48062214255332947], "val_precision": [0.9642857313156128, 0.9726027250289917, 0.9684210419654846, 0.9679999947547913, 0.9194630980491638, 0.8548387289047241, 0.726141095161438, 0.6267123222351074, 0.5481049418449402, 0.4790123403072357, 0.40909090638160706, 0.35172414779663086], "val_recall": [0.2511627972126007, 0.33023256063461304, 0.42790699005126953, 0.5627906918525696, 0.6372092962265015, 0.739534854888916, 0.8139534592628479, 0.8511627912521362, 0.8744186162948608, 0.9023255705833435, 0.9209302067756653, 0.9488372206687927]}