{"loss": [0.10348030924797058, 0.07773645967245102, 0.05935581400990486, 0.046126704663038254, 0.03371722623705864, 0.024998508393764496, 0.017561612650752068, 0.011731334961950779, 0.01014274638146162, 0.009069814346730709, 0.006290321704000235, 0.006160444114357233, 0.004717636853456497, 0.0038761943578720093, 0.0031214458867907524, 0.002526837168261409, 0.002066614106297493, 0.002514302497729659, 0.001612091320566833, 0.0016752085648477077], "dice_coef": [0.010532514192163944, 0.01329968124628067, 0.017398348078131676, 0.03021194227039814, 0.03491845354437828, 0.058094289153814316, 0.07060367614030838, 0.08543664216995239, 0.10417089611291885, 0.15916107594966888, 0.15104465186595917, 0.2118513137102127, 0.22064577043056488, 0.26993799209594727, 0.24363113939762115, 0.28206685185432434, 0.30802732706069946, 0.33439087867736816, 0.37208127975463867, 0.39748290181159973], "precision": [0.004857704509049654, 0.006164394784718752, 0.007990729995071888, 0.009968383237719536, 0.013830356299877167, 0.018565917387604713, 0.02700396440923214, 0.04242730140686035, 0.0490717887878418, 0.05532117933034897, 0.08754423260688782, 0.08520513772964478, 0.11256387084722519, 0.13870307803153992, 0.18526263535022736, 0.21239188313484192, 0.26157325506210327, 0.2174610048532486, 0.30361494421958923, 0.29824212193489075], "recall": [0.9961038827896118, 0.9948052167892456, 0.9896103739738464, 0.9909090995788574, 0.9909090995788574, 0.984415590763092, 0.9863636493682861, 0.982467532157898, 0.9818181991577148, 0.9792208075523376, 0.9798701405525208, 0.965584397315979, 0.9727272987365723, 0.9694805145263672, 0.9779220819473267, 0.9727272987365723, 0.9759740233421326, 0.9688311815261841, 0.9707792401313782, 0.9694805145263672], "val_loss": [0.001302739605307579, 0.0013685217127203941, 0.0013710925122722983, 0.0013392259133979678, 0.0012875829124823213, 0.0012296406785026193, 0.0011838761856779456, 0.0011617712443694472, 0.0011266689980402589, 0.0010850138496607542, 0.0010341950692236423, 0.0009881401201710105, 0.0009418699773959816, 0.0008918365347199142, 0.0008417905191890895, 0.0007863015052862465, 0.000724160170648247, 0.0006662309169769287, 0.0006059961742721498, 0.0005508925532922149], "val_dice_coef": [0.2595818340778351, 0.24196207523345947, 0.23772764205932617, 0.2402658462524414, 0.2474147528409958, 0.2504558563232422, 0.2277660220861435, 0.19160990417003632, 0.18163180351257324, 0.1810963898897171, 0.1876724809408188, 0.19520951807498932, 0.2034599781036377, 0.21313142776489258, 0.226298987865448, 0.24414223432540894, 0.2677803933620453, 0.2923676371574402, 0.3233029842376709, 0.35716739296913147], "val_precision": [0.96875, 0.9677419066429138, 0.9677419066429138, 0.9666666388511658, 0.9666666388511658, 0.9677419066429138, 0.9696969985961914, 0.9736841917037964, 0.9756097793579102, 0.9767441749572754, 0.978723406791687, 0.9803921580314636, 0.9824561476707458, 0.9836065769195557, 0.9852941036224365, 0.9864864945411682, 0.9624999761581421, 0.9651162624359131, 0.9677419066429138, 0.970588207244873], "val_recall": [0.14418604969978333, 0.13953489065170288, 0.13953489065170288, 0.13488371670246124, 0.13488371670246124, 0.13953489065170288, 0.14883720874786377, 0.17209301888942719, 0.1860465109348297, 0.1953488439321518, 0.21395349502563477, 0.23255814611911774, 0.2604651153087616, 0.27906978130340576, 0.31162789463996887, 0.3395348787307739, 0.3581395447254181, 0.38604649901390076, 0.41860464215278625, 0.46046510338783264]}