{"P": 0.5026111015044095, "R": 0.9111598746081505, "IoU": 0.47913095081102464, "F-score": 0.6478546751365206, "tn": 666077572, "fp": 14382, "fn": 1417, "tp": 14533}