{"loss": [0.8015297055244446, 0.6023980975151062, 0.437746524810791, 0.32341399788856506, 0.2489786595106125, 0.207852303981781, 0.18969382345676422, 0.17319829761981964, 0.1577865183353424, 0.15139345824718475, 0.14170803129673004, 0.13746248185634613, 0.13106514513492584, 0.12467697262763977, 0.1210891380906105, 0.11723142862319946, 0.11562690138816833, 0.11150795966386795, 0.10695954412221909, 0.10380247235298157], "dice_coef": [0.0005644999328069389, 0.0005156087572686374, 0.0005300103803165257, 0.0005067319143563509, 0.0005695755826309323, 0.0005803859676234424, 0.0005896810325793922, 0.0005929393228143454, 0.0006045844638720155, 0.0006145907682366669, 0.0006103709456510842, 0.0006298724911175668, 0.0006149895489215851, 0.0006325801950879395, 0.0006170205888338387, 0.0006206395919434726, 0.0006174162845127285, 0.0006500176386907697, 0.0006334733334369957, 0.000636691169347614], "precision": [0.0002801692462526262, 0.000439384370110929, 0.0011270780814811587, 0.0008419280056841671, 0.0011936923256143928, 0.00012130034156143665, 0.0, 0.0, 0.0, 0.000871080148499459, 0.0, 0.0, 0.0, 0.0, 0.0, 0.0, 0.0, 0.007333682384341955, 0.0, 0.0], "recall": [0.6487013101577759, 0.4188311696052551, 0.1766233742237091, 0.025974025949835777, 0.012337662279605865, 0.0006493506371043622, 0.0, 0.0, 0.0, 0.002597402548417449, 0.0, 0.0, 0.0, 0.0, 0.0, 0.0, 0.0, 0.00909090880304575, 0.0, 0.0], "val_loss": [0.6827576160430908, 0.6167295575141907, 1.8403286933898926, 0.45813775062561035, 0.4069482386112213, 0.5986155867576599, 2.968092203140259, 0.30928346514701843, 0.3060791790485382, 0.25672465562820435, 0.23754405975341797, 0.20891296863555908, 0.19902276992797852, 0.18272697925567627, 0.1721378117799759, 0.1591697484254837, 0.14899098873138428, 0.14320650696754456, 0.1353609710931778, 0.12556339800357819], "val_dice_coef": [0.0002768768463283777, 0.0002898654784075916, 0.0002773284795694053, 0.0002910293114837259, 0.00028903066413477063, 0.0003058748261537403, 0.00026545138098299503, 0.0002904827706515789, 0.0004300391592551023, 0.00029228368657641113, 0.0002912553318310529, 0.0002905974688474089, 0.0002968544722534716, 0.00029642414301633835, 0.0002981544239446521, 0.0003000950673595071, 0.00030474274535663426, 0.0003043906472157687, 0.0003057942958548665, 0.00030813421471975744], "val_precision": [0.00014303783245850354, 0.0003305500140413642, 0.0001294572139158845, 0.0, 0.0, 0.00019382296886760741, 0.00012901725131087005, 0.0, 0.0016772894887253642, 0.0, 0.0, 0.0, 0.0, 0.0, 0.0, 0.0, 0.0, 0.0, 0.0, 0.0], "val_recall": [0.4139534831047058, 0.21395349502563477, 0.8883720636367798, 0.0, 0.0, 0.3348837196826935, 0.8465116024017334, 0.0, 0.23255814611911774, 0.0, 0.0, 0.0, 0.0, 0.0, 0.0, 0.0, 0.0, 0.0, 0.0, 0.0]}