{"loss": [0.0004102616512682289, 0.00037955495645292103, 0.00037027019425295293, 0.0003512432740535587, 0.0003224239044357091, 0.00034250528551638126], "dice_coef": [0.7134321331977844, 0.7123003005981445, 0.757010281085968, 0.7478328347206116, 0.7565178871154785, 0.7473765015602112], "precision": [0.6994279623031616, 0.7185466289520264, 0.7611408233642578, 0.7717195749282837, 0.7865588068962097, 0.7657004594802856], "recall": [0.8733766078948975, 0.8603895902633667, 0.831818163394928, 0.8363636136054993, 0.8207792043685913, 0.8233765959739685], "val_loss": [0.002019569044932723, 0.0020597402472049, 0.0020759927574545145, 0.002078948076814413, 0.0020778372418135405, 0.002073716139420867], "val_dice_coef": [0.040933940559625626, 0.024399789050221443, 0.021027734503149986, 0.020285191014409065, 0.020168492570519447, 0.020475126802921295], "val_precision": [1.0, 1.0, 1.0, 1.0, 1.0, 1.0], "val_recall": [0.013953488320112228, 0.004651162773370743, 0.004651162773370743, 0.004651162773370743, 0.004651162773370743, 0.004651162773370743]}