{"P": 0.981693028705331, "R": 0.42025078369905955, "IoU": 0.4169828926905132, "F-score": 0.5885503556062868, "tn": 666091829, "fp": 125, "fn": 9247, "tp": 6703}