{"P": 0.5697725767277545, "R": 0.9707210031347963, "IoU": 0.5601461596903151, "F-score": 0.7180688247843428, "tn": 666080263, "fp": 11691, "fn": 467, "tp": 15483}