{"P": 0.6394620332470136, "R": 0.9598746081504702, "IoU": 0.6228134407289887, "F-score": 0.7675724456031284, "tn": 666083322, "fp": 8632, "fn": 640, "tp": 15310}