{"loss": [0.32224053144454956, 0.3635556697845459, 0.24443013966083527, 0.27338749170303345, 0.23479652404785156, 0.17952921986579895], "dice_coef": [0.000822672329377383, 0.0034761843271553516, 0.003243311308324337, 0.0017291081603616476, 0.0030817536171525717, 0.0032269477378576994], "precision": [0.0004283781163394451, 0.0018251945730298758, 0.0014468473382294178, 0.0007994234911166131, 0.0015471529914066195, 0.0017459176015108824], "recall": [1.0, 1.0, 1.0, 1.0, 1.0, 1.0], "val_loss": [7.361889583989978e-05, 7.39962124498561e-05, 7.545386324636638e-05, 7.655032095499337e-05, 7.79855326982215e-05, 7.961334631545469e-05], "val_dice_coef": [0.9246164560317993, 0.9226399660110474, 0.9218567609786987, 0.922122597694397, 0.9213927388191223, 0.9210813641548157], "val_precision": [0.9375, 0.9368420839309692, 0.9354838728904724, 0.9354838728904724, 0.9354838728904724, 0.9354838728904724], "val_recall": [0.957446813583374, 0.9468085169792175, 0.9255319237709045, 0.9255319237709045, 0.9255319237709045, 0.9255319237709045]}