{"loss": [0.21530947089195251, 0.24511249363422394, 0.19939222931861877, 0.22506213188171387, 0.21862946450710297, 0.20054280757904053], "dice_coef": [0.000526927993632853, 0.0024205257650464773, 0.0017680356977507472, 0.0009443720919080079, 0.0016353981336578727, 0.0015163897769525647], "precision": [0.00028331895009614527, 0.0012832930078729987, 0.0008371466537937522, 0.0004747607745230198, 0.0008198299328796566, 0.0008169093634933233], "recall": [1.0, 1.0, 1.0, 1.0, 1.0, 1.0], "val_loss": [9.50601533986628e-05, 0.00010397254663985223, 0.00011433928739279509, 0.0001259705313714221, 0.0001403873902745545, 0.00015653923037461936], "val_dice_coef": [0.9244444966316223, 0.9206351637840271, 0.9138619899749756, 0.9048627614974976, 0.8937106132507324, 0.8826278448104858], "val_precision": [0.8857142925262451, 0.8773584961891174, 0.8691588640213013, 0.8454545736312866, 0.8230088353157043, 0.8017241358757019], "val_recall": [0.9893617033958435, 0.9893617033958435, 0.9893617033958435, 0.9893617033958435, 0.9893617033958435, 0.9893617033958435]}