{"loss": [0.6121644377708435, 0.5403859615325928, 0.47365325689315796, 0.4169785976409912, 0.3737940192222595, 0.33157309889793396], "dice_coef": [3.486235436866991e-05, 0.00018846150487661362, 0.00012402661377564073, 5.914265784667805e-05, 9.432290971744806e-05, 8.556390821468085e-05], "precision": [1.6175376003957354e-05, 0.00017911472241394222, 0.00017501205729786307, 0.00010203665442531928, 0.0003352152416482568, 0.00041434384183958173], "recall": [0.25, 0.3396226465702057, 0.27819550037384033, 0.14084507524967194, 0.14393939077854156, 0.09243697673082352], "val_loss": [0.8115909099578857, 0.9136892557144165, 1.4233977794647217, 2.8336374759674072, 4.082380294799805, 3.3244521617889404], "val_dice_coef": [0.0003714810882229358, 0.0003935295681003481, 0.0003995015867985785, 0.0003950945392716676, 0.0003917769354302436, 0.00039029758772812784], "val_precision": [0.00018448001355864108, 0.00019558437634259462, 0.00018434083904139698, 0.00018291780725121498, 0.00018407226889394224, 0.0001958900538738817], "val_recall": [0.978723406791687, 1.0, 1.0, 1.0, 1.0, 1.0]}