{"P": 2.3021346044613264e-05, "R": 0.8816300940438871, "IoU": 2.3021274888047426e-05, "F-score": 4.604148984230094e-05, "tn": 55281611, "fp": 610810343, "fn": 1888, "tp": 14062}