{"loss": [9.73463902482763e-05, 0.00012912930105812848, 0.00012845291348639876, 8.621053711976856e-05, 0.00010196154471486807, 7.90077174315229e-05], "dice_coef": [0.5382207632064819, 0.7361908555030823, 0.7120700478553772, 0.6880878806114197, 0.7172670960426331, 0.7444772124290466], "precision": [0.42307692766189575, 0.6928104758262634, 0.6073059439659119, 0.5461538434028625, 0.6502463221549988, 0.6611111164093018], "recall": [1.0, 1.0, 1.0, 1.0, 1.0, 1.0], "val_loss": [0.0002630927774589509, 0.0005459841922856867, 0.000713205139618367, 0.0008464229176752269, 0.0009715014602988958, 0.0010505332611501217], "val_dice_coef": [0.8316094279289246, 0.762798547744751, 0.7073254585266113, 0.6617919206619263, 0.627318799495697, 0.6064253449440002], "val_precision": [0.9583333134651184, 0.9682539701461792, 0.9636363387107849, 0.9791666865348816, 0.9777777791023254, 0.9772727489471436], "val_recall": [0.7340425252914429, 0.6489361524581909, 0.563829779624939, 0.5, 0.4680851101875305, 0.457446813583374]}