{"P": 0.8525798525798526, "R": 0.8484639498432602, "IoU": 0.7399125205030072, "F-score": 0.850516921723282, "tn": 666089614, "fp": 2340, "fn": 2417, "tp": 13533}