{"P": 0.7151864965804918, "R": 0.9244514106583072, "IoU": 0.6756942535056365, "F-score": 0.8064648453523668, "tn": 666086082, "fp": 5872, "fn": 1205, "tp": 14745}