{"loss": [0.3167266845703125, 0.3888307511806488, 0.17950835824012756, 0.46200957894325256, 0.23151807487010956, 0.2793598175048828], "dice_coef": [0.003462084336206317, 0.0036850993055850267, 0.003768913447856903, 0.0035787292290478945, 0.0038121629040688276, 0.006031149532645941], "precision": [0.0018666851101443172, 0.0014883248368278146, 0.0018084777984768152, 0.0018084108596667647, 0.0017403464298695326, 0.0026384240482002497], "recall": [0.9907975196838379, 0.9972066879272461, 0.9951456189155579, 1.0, 0.9956521987915039, 1.0], "val_loss": [0.00011604922474361956, 0.00012785941362380981, 0.0001399308821419254, 0.00015432028158102185, 0.00017038098303601146, 0.00018728390568867326], "val_dice_coef": [0.4598607122898102, 0.4462839961051941, 0.4340314269065857, 0.4153651297092438, 0.3960125148296356, 0.3762587904930115], "val_precision": [0.4000000059604645, 0.37837839126586914, 0.3684210479259491, 0.3589743673801422, 0.3333333432674408, 0.3181818127632141], "val_recall": [1.0, 1.0, 1.0, 1.0, 1.0, 1.0]}