{"loss": [0.040135908871889114, 0.0258090291172266, 0.008151540532708168, 0.010187489911913872, 0.003325761528685689, 0.0023901727981865406, 0.001532142166979611, 0.0015335178468376398], "dice_coef": [0.011966542340815067, 0.0349784754216671, 0.04341758042573929, 0.12462323904037476, 0.08320056647062302, 0.189730703830719, 0.14941716194152832, 0.2882521152496338], "precision": [0.007264737039804459, 0.01340237632393837, 0.030883919447660446, 0.04055408760905266, 0.08855205774307251, 0.22062084078788757, 0.23168103396892548, 0.3138173222541809], "recall": [0.9938650131225586, 0.9832402467727661, 0.9854369163513184, 0.9694989323616028, 0.9652174115180969, 0.9364705681800842, 0.9429824352264404, 0.8933333158493042], "val_loss": [3.477957579889335e-05, 2.2063635697122663e-05, 2.0316612790338695e-05, 2.1718477000831626e-05, 2.4073495296761394e-05, 2.744439188973047e-05, 3.1046765798237175e-05, 3.422683948883787e-05], "val_dice_coef": [0.6695443987846375, 0.7349984645843506, 0.752923309803009, 0.7619028687477112, 0.759567141532898, 0.7513386607170105, 0.7382825016975403, 0.7248160243034363], "val_precision": [0.6666666865348816, 0.8125, 0.9285714030265808, 1.0, 1.0, 1.0, 1.0, 1.0], "val_recall": [1.0, 0.9285714030265808, 0.9285714030265808, 0.7857142686843872, 0.7857142686843872, 0.7857142686843872, 0.7142857313156128, 0.7142857313156128]}