{"P": 0.9409704425081155, "R": 0.6905956112852665, "IoU": 0.6619193558079443, "F-score": 0.7965721724038183, "tn": 666091263, "fp": 691, "fn": 4935, "tp": 11015}