{"P": 2.037190360071577e-05, "R": 0.8248902821316615, "IoU": 2.0371815500817332e-05, "F-score": 4.074280099680977e-05, "tn": 20264631, "fp": 645827323, "fn": 2793, "tp": 13157}