{"loss": [0.6983643770217896, 0.6028439998626709, 0.5123732089996338, 0.45071274042129517, 0.3907199501991272, 0.3227608799934387], "dice_coef": [0.00012602205970324576, 0.00018260988872498274, 0.00011723672650987282, 0.00029958412051200867, 0.00013700434647034854, 0.00030579016311094165], "precision": [6.0847291024401784e-05, 0.0001359513698844239, 0.00015546510985586792, 0.0007840213947929442, 0.0005834111361764371, 0.003426054259762168], "recall": [0.21472392976284027, 0.25418993830680847, 0.21844659745693207, 0.26579520106315613, 0.15217390656471252, 0.1976470649242401], "val_loss": [0.8836259841918945, 1.319014310836792, 2.07842755317688, 2.3297038078308105, 1.096427083015442, 1.0658700466156006], "val_dice_coef": [5.7124845625367016e-05, 5.853419497725554e-05, 6.010632569086738e-05, 6.619591295020655e-05, 5.7184741308446974e-05, 4.9768823373597115e-05], "val_precision": [2.7245199817116372e-05, 2.7054657039116137e-05, 2.767536716419272e-05, 3.5051674785790965e-05, 3.403077425900847e-05, 1.7772596038412303e-05], "val_recall": [1.0, 1.0, 1.0, 0.9285714030265808, 0.4285714328289032, 0.3571428656578064]}