{"loss": [0.0005720175104215741, 0.00043432600796222687, 0.00017891179595608264, 0.00011645648919511586, 8.556077955290675e-05, 5.749018237111159e-05], "dice_coef": [0.5362880229949951, 0.40113258361816406, 0.5504012703895569, 0.7577828168869019, 0.5603720545768738, 0.8313285112380981], "precision": [0.33995816111564636, 0.4075774848461151, 0.4914841949939728, 0.7943760752677917, 0.7604166865348816, 0.9105145335197449], "recall": [0.9969325065612793, 0.9916201233863831, 0.9805825352668762, 0.984749436378479, 0.9521738886833191, 0.9576470851898193], "val_loss": [1.954534491233062e-05, 3.316632501082495e-05, 4.6670305891893804e-05, 6.595782178919762e-05, 7.900988566689193e-05, 9.16754943318665e-05], "val_dice_coef": [0.8002031445503235, 0.7307535409927368, 0.6518895626068115, 0.5413734912872314, 0.4667501449584961, 0.390666127204895], "val_precision": [1.0, 1.0, 1.0, 1.0, 1.0, 1.0], "val_recall": [0.8571428656578064, 0.7142857313156128, 0.6428571343421936, 0.4285714328289032, 0.4285714328289032, 0.2857142984867096]}