{"P": 0.9611667859699355, "R": 0.6734796238244514, "IoU": 0.6556396484375, "F-score": 0.7920076679200766, "tn": 666091520, "fp": 434, "fn": 5208, "tp": 10742}