{"loss": [0.2039390504360199, 0.16769590973854065, 0.19374558329582214, 0.17666204273700714, 0.20098209381103516, 0.1747668981552124], "dice_coef": [0.0030788974836468697, 0.002835674677044153, 0.0035521076060831547, 0.002912703435868025, 0.0031065812800079584, 0.004727517254650593], "precision": [0.0009211334981955588, 0.0010026238160207868, 0.00104128522798419, 0.0010174686321988702, 0.0008508171304129064, 0.0010844971984624863], "recall": [0.8996655344963074, 0.9034608602523804, 0.9077155590057373, 0.8972973227500916, 0.9080267548561096, 0.8888888955116272], "val_loss": [9.543764463160187e-05, 0.00013699142436962575, 0.0002479907125234604, 0.000572397664655, 0.0012155006406828761, 0.002411621855571866], "val_dice_coef": [0.5693007707595825, 0.49411076307296753, 0.35092073678970337, 0.18906712532043457, 0.09839466959238052, 0.05469568446278572], "val_precision": [0.7885714173316956, 0.7044335007667542, 0.607594907283783, 0.4298507571220398, 0.2211981564760208, 0.09425133466720581], "val_recall": [0.9139072895050049, 0.9470198750495911, 0.9536423683166504, 0.9536423683166504, 0.9536423683166504, 0.9337748289108276]}