{"P": 0.9388941932123948, "R": 0.6781818181818182, "IoU": 0.649513630359073, "F-score": 0.7875213861890721, "tn": 666091250, "fp": 704, "fn": 5133, "tp": 10817}