{"loss": [0.009416465647518635, 0.0008996045798994601, 0.0005097583052702248, 0.0004088115820195526, 0.00035086911520920694, 0.0003349001635797322], "dice_coef": [0.040098123252391815, 0.13828866183757782, 0.23801790177822113, 0.269907146692276, 0.3121689558029175, 0.33714359998703003], "precision": [0.014442828483879566, 0.23515550792217255, 0.38492870330810547, 0.4250657260417938, 0.4189627170562744, 0.47529199719429016], "recall": [0.9464883208274841, 0.9089252948760986, 0.8577912449836731, 0.8738738894462585, 0.8645485043525696, 0.8278560042381287], "val_loss": [9.945286728907377e-05, 0.00015424216690007597, 0.0001846705563366413, 0.00020428742573130876, 0.00021793766063638031, 0.00022205089044291526], "val_dice_coef": [0.6538381576538086, 0.5465829968452454, 0.4491724371910095, 0.381248414516449, 0.34338685870170593, 0.3266109824180603], "val_precision": [0.9638554453849792, 0.9850746393203735, 0.982758641242981, 0.9821428656578064, 0.9821428656578064, 0.9821428656578064], "val_recall": [0.5298013091087341, 0.4370861053466797, 0.37748345732688904, 0.3642384111881256, 0.3642384111881256, 0.3642384111881256]}