{"P": 0.6550490730643402, "R": 0.9415047021943573, "IoU": 0.6294324754799229, "F-score": 0.7725787781350482, "tn": 666084046, "fp": 7908, "fn": 933, "tp": 15017}