{"P": 0.0002021611021823291, "R": 0.006269592476489028, "IoU": 0.00019588446734116217, "F-score": 0.0003916922082627472, "tn": 665597399, "fp": 494555, "fn": 15850, "tp": 100}