{"loss": [0.7307411432266235, 0.3984019458293915, 0.2654329836368561, 0.2066667377948761, 0.1773606687784195, 0.158848837018013, 0.1513536423444748, 0.1390216201543808, 0.1322842240333557, 0.12832669913768768, 0.1311621516942978, 0.11521901190280914, 0.1080731526017189, 0.10250423103570938, 0.09683581441640854, 0.09420612454414368, 0.09013595432043076, 0.08860794454813004, 0.08422314375638962, 0.07971972972154617], "dice_coef": [0.00012056020932504907, 7.209792966023088e-05, 9.692115418147296e-05, 0.00012511566455941647, 0.00013407415826804936, 0.0001364834315609187, 0.00012524810153990984, 0.00013959701755084097, 0.00014098655083216727, 0.00011960160918533802, 0.0001488772250013426, 0.00014036170614417642, 0.00013317656703293324, 0.00013156920613255352, 0.0001590867032064125, 0.00013850824325345457, 0.00013955033500678837, 0.000131295106257312, 0.00017591787036508322, 0.00012617229367606342], "precision": [6.743453559465706e-05, 0.00011047282168874517, 2.777237750706263e-05, 0.001372683560475707, 0.0015080113662406802, 0.0, 0.0, 0.0, 0.0, 0.0, 0.0, 0.0, 0.0, 0.0, 0.0, 0.0, 0.0, 0.0, 0.0, 0.0], "recall": [0.5183946490287781, 0.04553734138607979, 0.0015128592494875193, 0.04324324429035187, 0.02675585262477398, 0.0, 0.0, 0.0, 0.0, 0.0, 0.0, 0.0, 0.0, 0.0, 0.0, 0.0, 0.0, 0.0, 0.0, 0.0], "val_loss": [1.173038125038147, 11.695775985717773, 1.3333508968353271, 0.3966723382472992, 0.3270731568336487, 0.2807176113128662, 0.25869089365005493, 0.22816988825798035, 0.26285406947135925, 0.18503621220588684, 0.423212468624115, 0.3401166498661041, 0.26584917306900024, 0.18985268473625183, 0.13264553248882294, 0.13653503358364105, 0.15042118728160858, 0.1432207077741623, 0.10134229809045792, 0.09523516893386841], "val_dice_coef": [0.00010689363261917606, 0.00011898267257492989, 0.00012540799798443913, 0.00012730303569696844, 0.00013303587911650538, 0.00013654741633217782, 0.0001386545191053301, 0.00014062566333450377, 0.0001379405293846503, 0.0001416518643964082, 0.00012186879757791758, 0.00012798627722077072, 0.00013350576045922935, 0.00013769135694019496, 0.00014255300629884005, 0.00014290472608990967, 0.00014300357725005597, 0.00014585722237825394, 0.00015026524488348514, 0.00015366417937912047], "val_precision": [4.671376882470213e-05, 5.770074494648725e-05, 6.720188684994355e-05, 0.0, 0.0, 0.0, 0.0, 0.0, 0.0, 0.0, 0.0, 0.0, 0.0, 0.0, 0.0, 0.0, 0.0, 0.0, 0.0, 0.0], "val_recall": [0.37748345732688904, 0.9867549538612366, 0.9668874144554138, 0.0, 0.0, 0.0, 0.0, 0.0, 0.0, 0.0, 0.0, 0.0, 0.0, 0.0, 0.0, 0.0, 0.0, 0.0, 0.0, 0.0]}