{"P": 0.9853135313531353, "R": 0.3743573667711599, "IoU": 0.3722800673358688, "F-score": 0.5425715583825534, "tn": 666091865, "fp": 89, "fn": 9979, "tp": 5971}