{"loss": [6.748694431735203e-05, 5.4635067499475554e-05, 5.236217111814767e-05, 4.759154762723483e-05, 4.508119309321046e-05, 4.9264846893493086e-05], "dice_coef": [0.7104272842407227, 0.7157700657844543, 0.7412142157554626, 0.7328763008117676, 0.7280201315879822, 0.7390734553337097], "precision": [0.7752976417541504, 0.87109375, 0.8961661458015442, 0.8499096035957336, 0.8765217661857605, 0.8857616186141968], "recall": [0.8712374567985535, 0.812386155128479, 0.8487140536308289, 0.8468468189239502, 0.8428093791007996, 0.8372457027435303], "val_loss": [0.00030675478046759963, 0.0003766627050936222, 0.000395018927520141, 0.00039144972106441855, 0.000383684819098562, 0.000359994126483798], "val_dice_coef": [0.2639569342136383, 0.1461910456418991, 0.12161952257156372, 0.12357725203037262, 0.1306167095899582, 0.15697559714317322], "val_precision": [1.0, 1.0, 1.0, 1.0, 1.0, 1.0], "val_recall": [0.17218543589115143, 0.07284767925739288, 0.046357616782188416, 0.046357616782188416, 0.05298013240098953, 0.0794702023267746]}