{"loss": [0.10074348747730255, 0.061094820499420166, 0.022403189912438393, 0.015619004145264626, 0.004812232218682766, 0.0057380846701562405], "dice_coef": [0.002371409675106406, 0.004022438079118729, 0.00780798215419054, 0.025435829535126686, 0.02386559173464775, 0.02826191484928131], "precision": [0.001298164133913815, 0.0025070668198168278, 0.002819170244038105, 0.01070651225745678, 0.028421632945537567, 0.030809858813881874], "recall": [0.9826086759567261, 0.9802631735801697, 0.9589040875434875, 0.9333333373069763, 0.9196428656578064, 0.8641975522041321], "val_loss": [3.100027242908254e-05, 3.20480321533978e-05, 3.721910252352245e-05, 4.523045208770782e-05, 5.278795288177207e-05, 6.136576121207327e-05], "val_dice_coef": [0.7379335165023804, 0.7588257193565369, 0.7475408315658569, 0.7097615599632263, 0.6697781682014465, 0.6257229447364807], "val_precision": [0.800000011920929, 0.9230769276618958, 0.9166666865348816, 1.0, 1.0, 1.0], "val_recall": [0.800000011920929, 0.800000011920929, 0.7333333492279053, 0.6000000238418579, 0.5333333611488342, 0.5333333611488342]}