{"loss": [0.7869424819946289, 0.7733258008956909, 0.7014034390449524, 0.996538519859314, 0.7235013246536255, 0.8479841351509094], "dice_coef": [0.0006351180491037667, 0.0007455743616446853, 0.0003654220199678093, 0.0008532229694537818, 0.0006018368876539171, 0.0008077096426859498], "precision": [0.00027978289290331304, 0.0004069698916282505, 0.00018112198449671268, 0.0004382080223876983, 0.0002981784346047789, 0.0004278356791473925], "recall": [1.0, 1.0, 0.9726027250289917, 0.9692307710647583, 1.0, 0.9814814925193787], "val_loss": [4.778079528477974e-05, 5.0850663683377206e-05, 5.3513009333983064e-05, 5.712522397516295e-05, 6.082509207772091e-05, 6.542601477121934e-05], "val_dice_coef": [0.691935122013092, 0.6841012835502625, 0.6755716800689697, 0.6632719039916992, 0.6505507230758667, 0.6349109411239624], "val_precision": [0.699999988079071, 0.699999988079071, 0.699999988079071, 0.6666666865348816, 0.6086956262588501, 0.5833333134651184], "val_recall": [0.9333333373069763, 0.9333333373069763, 0.9333333373069763, 0.9333333373069763, 0.9333333373069763, 0.9333333373069763]}