{"P": 0.9067951603826674, "R": 0.8082131661442006, "IoU": 0.7462228654124458, "F-score": 0.8546708214546178, "tn": 666090629, "fp": 1325, "fn": 3059, "tp": 12891}