{"P": 0.7130611651895976, "R": 0.9231347962382445, "IoU": 0.6730971428571428, "F-score": 0.8046121478728927, "tn": 666086029, "fp": 5925, "fn": 1226, "tp": 14724}