{"P": 3.409273638754565e-05, "R": 0.7055172413793104, "IoU": 3.4092251244531525e-05, "F-score": 6.81821780051201e-05, "tn": 336032899, "fp": 330059055, "fn": 4697, "tp": 11253}