{"loss": [0.6232928037643433, 0.537800669670105, 0.444955438375473, 0.3699319660663605, 0.30507269501686096, 0.2683402895927429], "dice_coef": [0.00011800064385170117, 0.00019791876547969878, 0.00011318484030198306, 0.000290484051220119, 0.00019115018949378282, 0.00030100802541710436], "precision": [8.301829802803695e-05, 0.00022982699738349766, 0.00038567118463106453, 0.0023144676815718412, 0.003186543472111225, 0.008522114716470242], "recall": [0.582608699798584, 0.6644737124443054, 0.698630154132843, 0.5538461804389954, 0.5446428656578064, 0.48765432834625244], "val_loss": [0.6958603262901306, 0.7878223061561584, 0.7547058463096619, 1.9669651985168457, 3.1800732612609863, 2.260284662246704], "val_dice_coef": [6.206500256666914e-05, 7.969249418238178e-05, 9.766089351614937e-05, 6.776536611141637e-05, 6.301198300207034e-05, 7.498321065213531e-05], "val_precision": [3.5783938074018806e-05, 4.8215541028184816e-05, 4.9187907279701903e-05, 3.499717786326073e-05, 2.9053100661258213e-05, 3.0245168090914376e-05], "val_recall": [0.5333333611488342, 1.0, 1.0, 1.0, 1.0, 1.0]}