{"P": 0.9695470856366987, "R": 0.6267711598746082, "IoU": 0.6146704377766847, "F-score": 0.7613571455770916, "tn": 666091640, "fp": 314, "fn": 5953, "tp": 9997}