{"loss": [0.0002299127372680232, 0.00013081352517474443, 6.503521581180394e-05, 7.076223118929192e-05, 5.788316411781125e-05, 5.19034692842979e-05], "dice_coef": [0.37736040353775024, 0.5161580443382263, 0.5277985334396362, 0.718884289264679, 0.664521336555481, 0.696182131767273], "precision": [0.3795379400253296, 0.6178861856460571, 0.6173912882804871, 0.7692307829856873, 0.7379310131072998, 0.875], "recall": [1.0, 1.0, 0.9726027250289917, 0.9230769276618958, 0.9553571343421936, 0.8209876418113708], "val_loss": [4.338485450716689e-05, 6.83639373164624e-05, 9.000083082355559e-05, 0.00011416085908422247, 0.00013115722686052322, 0.00014646549243479967], "val_dice_coef": [0.769416332244873, 0.6334752440452576, 0.5310183763504028, 0.4348333179950714, 0.37198787927627563, 0.32347026467323303], "val_precision": [1.0, 1.0, 1.0, 1.0, 1.0, 1.0], "val_recall": [0.800000011920929, 0.5333333611488342, 0.46666666865348816, 0.2666666805744171, 0.20000000298023224, 0.20000000298023224]}