{"P": 0.7008594917787743, "R": 0.9406896551724138, "IoU": 0.6711997852733291, "F-score": 0.8032549922372717, "tn": 666085550, "fp": 6404, "fn": 946, "tp": 15004}