{"loss": [0.15978817641735077, 0.17607271671295166, 0.17768137156963348, 0.14887022972106934, 0.16483823955059052, 0.15161053836345673], "dice_coef": [0.0019729549530893564, 0.0015711692394688725, 0.002219021786004305, 0.0018661096692085266, 0.0020755662117153406, 0.0028176577761769295], "precision": [0.0009023653110489249, 0.0007523623062297702, 0.0009069271036423743, 0.0008857978391461074, 0.0008586181211285293, 0.0010045268572866917], "recall": [0.9765886068344116, 0.9799635410308838, 0.9788199663162231, 0.9711712002754211, 0.9849498271942139, 0.9733959436416626], "val_loss": [8.10283818282187e-05, 0.00012190103007014841, 0.00017349727568216622, 0.00024329098232556134, 0.00036262423964217305, 0.0005749206757172942], "val_dice_coef": [0.8002961277961731, 0.7332605123519897, 0.6462841629981995, 0.5083435773849487, 0.3497820198535919, 0.2212894856929779], "val_precision": [0.6880733966827393, 0.6224066615104675, 0.5514705777168274, 0.5102040767669678, 0.4658385217189789, 0.42016807198524475], "val_recall": [0.9933775067329407, 0.9933775067329407, 0.9933775067329407, 0.9933775067329407, 0.9933775067329407, 0.9933775067329407]}