{"P": 0.5463235294117647, "R": 0.9782445141065831, "IoU": 0.5397654547341474, "F-score": 0.7011008762075938, "tn": 666078997, "fp": 12957, "fn": 347, "tp": 15603}