{"loss": [0.2617555558681488, 0.13023845851421356, 0.06351913511753082, 0.04373949021100998, 0.022369930520653725, 0.01684659719467163], "dice_coef": [0.0018338344525545835, 0.0029465067200362682, 0.005893925204873085, 0.009278698824346066, 0.013990079052746296, 0.02466900832951069], "precision": [0.0009064850164577365, 0.0014043216360732913, 0.003093272214755416, 0.0035158435348421335, 0.007160419598221779, 0.009480731561779976], "recall": [1.0, 0.9981784820556641, 0.9969742894172668, 0.9963964223861694, 0.9983277320861816, 0.9906103014945984], "val_loss": [4.180281393928453e-05, 4.7881778300506994e-05, 5.235554272076115e-05, 5.6340031733270735e-05, 6.341232074191794e-05, 7.638830720679834e-05], "val_dice_coef": [0.8552403450012207, 0.8577967882156372, 0.8570426106452942, 0.8539111018180847, 0.8461011052131653, 0.8276755213737488], "val_precision": [0.8363636136054993, 0.8433734774589539, 0.845678985118866, 0.8373494148254395, 0.7759562730789185, 0.7461140155792236], "val_recall": [0.9139072895050049, 0.9271523356437683, 0.9072847962379456, 0.9205297827720642, 0.940397322177887, 0.9536423683166504]}