{"loss": [0.7769526243209839, 0.40984880924224854, 0.257690966129303, 0.20553657412528992, 0.18002767860889435, 0.1588924676179886, 0.1478108912706375, 0.1354096382856369, 0.13002058863639832, 0.1196327656507492, 0.11267779022455215, 0.10557948052883148, 0.10064088553190231, 0.09573613852262497, 0.1254042536020279, 0.11321115493774414, 0.09813736379146576, 0.09042458236217499, 0.08302529156208038, 0.0791001170873642], "dice_coef": [0.00013056588068138808, 0.00010644763096934184, 0.000134215151774697, 0.00012983834312763065, 0.00014533994544763118, 0.00015724607510492206, 0.0001546158455312252, 0.00016899427282623947, 0.00017645956540945917, 0.00014966048183850944, 0.00019481951312627643, 0.00019338347192388028, 0.00017718950402922928, 0.00017006690904963762, 0.00020658690482378006, 0.00017396530893165618, 0.00017477416258770972, 0.00016673869686201215, 0.00022938843176234514, 0.000164597702678293], "precision": [6.820256385253742e-05, 0.00026443295064382255, 0.00032064985134638846, 5.3998595831217244e-05, 6.321512046270072e-05, 0.0, 0.0, 0.0, 0.0, 0.0, 0.0, 0.0, 0.0, 0.0, 0.0, 0.0, 0.0, 0.0, 0.0, 0.0], "recall": [0.6337792873382568, 0.1803278625011444, 0.013615733943879604, 0.0018018018454313278, 0.0016722407890483737, 0.0, 0.0, 0.0, 0.0, 0.0, 0.0, 0.0, 0.0, 0.0, 0.0, 0.0, 0.0, 0.0, 0.0, 0.0], "val_loss": [3.2993335723876953, 0.6119692921638489, 0.44027525186538696, 0.5187774896621704, 0.4212936460971832, 0.279144823551178, 0.698571503162384, 0.22418074309825897, 0.22378221154212952, 0.27029114961624146, 0.16354066133499146, 0.14672619104385376, 0.1366759091615677, 0.12728549540042877, 0.9310780763626099, 0.6260179281234741, 0.24485483765602112, 0.14280295372009277, 0.1080615296959877, 0.10301484912633896], "val_dice_coef": [0.00010638757521519437, 0.00011650694068521261, 0.00012056993000442162, 0.0001236771058756858, 0.0001291833759751171, 0.00013434374704957008, 0.00017639328143559396, 0.00014433222531806678, 0.00015124336641747504, 0.0001554640184622258, 0.0001677296095294878, 0.00017264204507227987, 0.0001756604469846934, 0.00017745343211572617, 0.00016104285896290094, 0.00011587524932110682, 0.00015071724192239344, 0.00016873536515049636, 0.00018159823957830667, 0.00018305286357644945], "val_precision": [5.417590000433847e-05, 1.7868469512904994e-05, 0.0, 0.0, 0.0, 0.0, 0.00012988476373720914, 0.0, 0.0, 0.0, 0.0, 0.0, 0.0, 0.0, 6.81758756400086e-05, 0.0, 0.0, 0.0, 0.0, 0.0], "val_recall": [0.7947019934654236, 0.013245033100247383, 0.0, 0.0, 0.0, 0.0, 0.6490066051483154, 0.0, 0.0, 0.0, 0.0, 0.0, 0.0, 0.0, 0.1192052960395813, 0.0, 0.0, 0.0, 0.0, 0.0]}