{"P": 0.963018026389147, "R": 0.6497805642633229, "IoU": 0.6339613408367996, "F-score": 0.7759808325846063, "tn": 666091556, "fp": 398, "fn": 5586, "tp": 10364}