{"loss": [0.0002325109380763024, 0.00015860605344641954, 0.00011025761341443285, 8.125801832647994e-05, 6.122841296019033e-05, 5.595366019406356e-05], "dice_coef": [0.6310722827911377, 0.6797335147857666, 0.7611885070800781, 0.7626007795333862, 0.812665581703186, 0.8097307085990906], "precision": [0.46375682950019836, 0.5414201021194458, 0.6413255333900452, 0.66300368309021, 0.7330827116966248, 0.7910643815994263], "recall": [0.9949832558631897, 1.0, 0.9954614043235779, 0.9783783555030823, 0.97826087474823, 0.942097008228302], "val_loss": [0.00030133873224258423, 0.0004097206983715296, 0.000450734980404377, 0.0004654560179915279, 0.0004644382861442864, 0.00045652524568140507], "val_dice_coef": [0.575899600982666, 0.4910586476325989, 0.4450003206729889, 0.42519411444664, 0.42201805114746094, 0.42554616928100586], "val_precision": [0.9848484992980957, 1.0, 1.0, 1.0, 1.0, 1.0], "val_recall": [0.430463582277298, 0.3509933650493622, 0.3178808093070984, 0.29801324009895325, 0.29801324009895325, 0.30463576316833496]}