{"loss": [0.5213123559951782, 0.45111432671546936, 0.4890088438987732, 0.513369083404541, 0.4212110936641693, 0.43635672330856323], "dice_coef": [0.0007375779096037149, 0.0009383040596731007, 0.000524378614500165, 0.0013191231992095709, 0.0008459584787487984, 0.0010967993875965476], "precision": [0.0004071372968610376, 0.0005597969866357744, 0.0002565454342402518, 0.0006888292846269906, 0.0004534376203082502, 0.0006372558418661356], "recall": [1.0, 1.0, 1.0, 1.0, 1.0, 1.0], "val_loss": [4.089849244337529e-05, 4.3621032091323286e-05, 4.6058452426223084e-05, 5.0340437155682594e-05, 5.464240166475065e-05, 6.0643578763119876e-05], "val_dice_coef": [0.7981176972389221, 0.7803469896316528, 0.7651538848876953, 0.7394015789031982, 0.7173978090286255, 0.69085294008255], "val_precision": [0.7368420958518982, 0.7368420958518982, 0.699999988079071, 0.6363636255264282, 0.6086956262588501, 0.5384615659713745], "val_recall": [0.9333333373069763, 0.9333333373069763, 0.9333333373069763, 0.9333333373069763, 0.9333333373069763, 0.9333333373069763]}