{"P": 0.6497271487039563, "R": 0.9554858934169279, "IoU": 0.6306380865679053, "F-score": 0.7734862711262245, "tn": 666083738, "fp": 8216, "fn": 710, "tp": 15240}