{"loss": [0.5838578343391418, 0.5328838229179382, 0.4810022711753845, 0.4977446496486664, 0.40397924184799194, 0.40675896406173706], "dice_coef": [0.00107662845402956, 0.0014005277771502733, 0.0009333869675174356, 0.0023432732559740543, 0.0013915130402892828, 0.002019335050135851], "precision": [0.0005854711635038257, 0.0007903247606009245, 0.00043208306306041777, 0.0011086537269875407, 0.0007312948582693934, 0.00105455017182976], "recall": [1.0, 1.0, 1.0, 1.0, 1.0, 1.0], "val_loss": [3.3230324333999306e-05, 3.3232525311177596e-05, 3.535984069458209e-05, 3.601323260227218e-05, 3.673227911349386e-05, 3.646793629741296e-05], "val_dice_coef": [0.8012064099311829, 0.8024565577507019, 0.7990196347236633, 0.7951356172561646, 0.7973106503486633, 0.7973561882972717], "val_precision": [0.7368420958518982, 0.7368420958518982, 0.7368420958518982, 0.7368420958518982, 0.7368420958518982, 0.7647058963775635], "val_recall": [0.9333333373069763, 0.9333333373069763, 0.9333333373069763, 0.9333333373069763, 0.9333333373069763, 0.8666666746139526]}