{"P": 0.5760671015843429, "R": 0.9688401253918495, "IoU": 0.5655881707049264, "F-score": 0.7225248392752777, "tn": 666080582, "fp": 11372, "fn": 497, "tp": 15453}