{"P": 0.00020955692021071718, "R": 0.3247648902821317, "IoU": 0.00020946565594230813, "F-score": 0.0004188435785397002, "tn": 641378313, "fp": 24713641, "fn": 10770, "tp": 5180}