{"loss": [0.6024184823036194, 0.5301916003227234, 0.4541066288948059, 0.3741423785686493, 0.3016524314880371, 0.26726412773132324], "dice_coef": [0.00012005314783891663, 0.00022906313824933022, 0.00011185085168108344, 0.0003295237256679684, 0.00017329995171166956, 0.00029236188856884837], "precision": [8.995389362098649e-05, 0.00023799523478373885, 0.00021036634279880673, 0.0015930305235087872, 0.00313170556910336, 0.01007690280675888], "recall": [0.582608699798584, 0.7828947305679321, 0.6712328791618347, 0.656410276889801, 0.4821428656578064, 0.4691357910633087], "val_loss": [0.6528883576393127, 0.6924446821212769, 0.6835826635360718, 1.6260114908218384, 4.874242305755615, 4.083036422729492], "val_dice_coef": [6.426415347959846e-05, 8.02506910986267e-05, 9.951787069439888e-05, 7.12323235347867e-05, 6.116831355029717e-05, 6.24831736786291e-05], "val_precision": [0.00043711753096431494, 9.138484892901033e-05, 8.273204730357975e-05, 3.073279367526993e-05, 2.9080361855449155e-05, 2.9125987566658296e-05], "val_recall": [0.46666666865348816, 1.0, 0.9333333373069763, 1.0, 1.0, 1.0]}