{"P": 0.8924819773429454, "R": 0.8149843260188088, "IoU": 0.742121488924412, "F-score": 0.85197443880059, "tn": 666090388, "fp": 1566, "fn": 2951, "tp": 12999}