{"loss": [0.0009654205059632659, 0.0009612386929802597, 0.0004363463376648724, 0.0004005103255622089, 0.0005529867485165596, 0.00034527317620813847], "dice_coef": [0.22593805193901062, 0.2984079420566559, 0.2208215892314911, 0.45962586998939514, 0.2759392261505127, 0.45172005891799927], "precision": [0.10707634687423706, 0.12947189807891846, 0.15145228803157806, 0.4285714328289032, 0.18451400101184845, 0.3253012001514435], "recall": [1.0, 1.0, 1.0, 1.0, 1.0, 1.0], "val_loss": [3.62902064807713e-05, 5.754988524131477e-05, 7.433549035340548e-05, 8.908311428967863e-05, 9.568940731696784e-05, 0.00010418907913845032], "val_dice_coef": [0.8323841691017151, 0.8558987975120544, 0.8508980870246887, 0.8192297220230103, 0.7840687036514282, 0.7411737442016602], "val_precision": [0.800000011920929, 0.9230769276618958, 1.0, 1.0, 1.0, 1.0], "val_recall": [0.800000011920929, 0.800000011920929, 0.800000011920929, 0.6666666865348816, 0.6000000238418579, 0.6000000238418579]}