{"loss": [0.36753416061401367, 0.35351720452308655, 0.35456568002700806, 0.3977075517177582, 0.3290194869041443, 0.3435926139354706], "dice_coef": [0.0006011121440678835, 0.0007031228742562234, 0.0004600950633175671, 0.0009824326261878014, 0.0006320629036054015, 0.0007923213997855783], "precision": [0.0002956070238724351, 0.00038343752385117114, 0.00020558283722493798, 0.0004555500054266304, 0.00031088831019587815, 0.00042004603892564774], "recall": [1.0, 1.0, 1.0, 1.0, 1.0, 1.0], "val_loss": [5.7070858019869775e-05, 6.094847049098462e-05, 6.435762043111026e-05, 7.039390038698912e-05, 7.438124157488346e-05, 7.87755343480967e-05], "val_dice_coef": [0.717487096786499, 0.6965954303741455, 0.6811774969100952, 0.6606631875038147, 0.6488862037658691, 0.6357112526893616], "val_precision": [0.5600000023841858, 0.5600000023841858, 0.5185185074806213, 0.5, 0.5, 0.5], "val_recall": [0.9333333373069763, 0.9333333373069763, 0.9333333373069763, 0.9333333373069763, 0.9333333373069763, 0.9333333373069763]}