{"P": 0.8614062704971795, "R": 0.8233855799373041, "IoU": 0.7270663787853623, "F-score": 0.8419669188357481, "tn": 666089841, "fp": 2113, "fn": 2817, "tp": 13133}