{"loss": [0.03970644250512123, 0.037451647222042084, 0.03329527750611305, 0.027251582592725754, 0.02710779942572117, 0.03162834048271179, 0.02291235886514187, 0.01956462487578392], "dice_coef": [0.0042748949490487576, 0.006006949581205845, 0.004660722799599171, 0.015088480897247791, 0.006248149089515209, 0.009783292189240456, 0.005398620385676622, 0.012032216414809227], "precision": [0.002589331939816475, 0.0036637100856751204, 0.0019725998863577843, 0.006000922992825508, 0.003827751148492098, 0.004709028638899326, 0.0030812120530754328, 0.007530054077506065], "recall": [1.0, 1.0, 1.0, 1.0, 1.0, 1.0, 1.0, 1.0], "val_loss": [3.9694168663118035e-05, 3.7079698813613504e-05, 3.7019104638602585e-05, 3.900020965375006e-05, 4.037311009597033e-05, 4.165845166426152e-05, 4.258408444002271e-05, 4.334271216066554e-05], "val_dice_coef": [0.814885675907135, 0.8223966956138611, 0.8307892084121704, 0.8354324698448181, 0.8399716019630432, 0.8449251055717468, 0.8480849266052246, 0.8498281836509705], "val_precision": [0.7368420958518982, 0.7647058963775635, 0.8125, 0.800000011920929, 0.8571428656578064, 0.9230769276618958, 0.9230769276618958, 0.9230769276618958], "val_recall": [0.9333333373069763, 0.8666666746139526, 0.8666666746139526, 0.800000011920929, 0.800000011920929, 0.800000011920929, 0.800000011920929, 0.800000011920929]}