{"P": 0.4420081273281409, "R": 0.9820062695924765, "IoU": 0.4384570164879769, "F-score": 0.6096212976297045, "tn": 666072181, "fp": 19773, "fn": 287, "tp": 15663}