{"P": 4.7477063055276915e-05, "R": 0.5426959247648903, "IoU": 4.747516373227448e-05, "F-score": 9.494581989620368e-05, "tn": 483780992, "fp": 182310962, "fn": 7294, "tp": 8656}