{"loss": [0.5730435848236084, 0.4992850422859192, 0.4240206182003021, 0.34998056292533875, 0.28263014554977417, 0.2560137212276459], "dice_coef": [7.93508515926078e-05, 0.00017816272156778723, 8.33519734442234e-05, 0.0002859574160538614, 0.00020848304848186672, 0.00029662656015716493], "precision": [5.662801777361892e-05, 0.00021183682838454843, 0.00019220753165427595, 0.00211260374635458, 0.0037460082676261663, 0.008973640389740467], "recall": [0.3391304314136505, 0.5460526347160339, 0.42465752363204956, 0.528205156326294, 0.5446428656578064, 0.4938271641731262], "val_loss": [0.6847997307777405, 0.7236178517341614, 0.7964922189712524, 2.956090211868286, 4.241761207580566, 1.5128504037857056], "val_dice_coef": [6.515630957437679e-05, 7.801196625223383e-05, 8.080039697233588e-05, 6.173524161567912e-05, 6.136314186733216e-05, 7.43460186640732e-05], "val_precision": [7.524907414335757e-05, 6.300270615611225e-05, 4.3438463762868196e-05, 2.9187365726102144e-05, 2.8962225769646466e-05, 3.047046448045876e-05], "val_recall": [0.6666666865348816, 1.0, 0.9333333373069763, 1.0, 1.0, 1.0]}