{"P": 0.8891393153965347, "R": 0.791473354231975, "IoU": 0.7203834740926729, "F-score": 0.8374684887886427, "tn": 666090380, "fp": 1574, "fn": 3326, "tp": 12624}