{"loss": [0.008666672743856907, 0.0076625109650194645, 0.005805826745927334, 0.0038172570057213306, 0.004068911541253328, 0.0033288083504885435], "dice_coef": [0.02567211724817753, 0.08171501755714417, 0.03423849493265152, 0.14794133603572845, 0.08614759147167206, 0.1155162826180458], "precision": [0.012528598308563232, 0.018401937559247017, 0.011666933074593544, 0.04566744714975357, 0.024242423474788666, 0.043211523443460464], "recall": [1.0, 1.0, 1.0, 1.0, 1.0, 1.0], "val_loss": [5.781546497019008e-05, 7.321243174374104e-05, 7.583190745208412e-05, 7.990618178155273e-05, 8.548879122827202e-05, 9.934730769600719e-05], "val_dice_coef": [0.8405303955078125, 0.8605008125305176, 0.8742572665214539, 0.8685855269432068, 0.8132032752037048, 0.7415531873703003], "val_precision": [0.8125, 0.9230769276618958, 1.0, 1.0, 1.0, 1.0], "val_recall": [0.8666666746139526, 0.800000011920929, 0.800000011920929, 0.800000011920929, 0.6666666865348816, 0.5333333611488342]}