{"loss": [0.27289459109306335, 0.4444812834262848, 0.26051339507102966, 0.5067043304443359, 0.2275407314300537, 0.322020947933197], "dice_coef": [0.002603453816846013, 0.002514608670026064, 0.0019829885568469763, 0.0026134096551686525, 0.0021240091882646084, 0.004099888261407614], "precision": [0.001556680304929614, 0.0012257713824510574, 0.001020752009935677, 0.0013927998952567577, 0.001187415444292128, 0.001796827418729663], "recall": [1.0, 1.0, 1.0, 1.0, 1.0, 1.0], "val_loss": [0.0002821712987497449, 0.00031848467187955976, 0.0003560426994226873, 0.0003904095501638949, 0.0004266384639777243, 0.0004582084366120398], "val_dice_coef": [0.4468013644218445, 0.4182626008987427, 0.3949720859527588, 0.3767870366573334, 0.35772162675857544, 0.3415648341178894], "val_precision": [0.2800000011920929, 0.2545454502105713, 0.2295081913471222, 0.22580644488334656, 0.20895522832870483, 0.19718310236930847], "val_recall": [1.0, 1.0, 1.0, 1.0, 1.0, 1.0]}