{"P": 0.7126972058544003, "R": 0.9403134796238245, "IoU": 0.681851245681033, "F-score": 0.8108341893279991, "tn": 666085908, "fp": 6046, "fn": 952, "tp": 14998}