{"P": 0.5781033902739879, "R": 0.9696551724137931, "IoU": 0.5678305246539633, "F-score": 0.7243519190689178, "tn": 666080667, "fp": 11287, "fn": 484, "tp": 15466}