{"loss": [0.3437465727329254, 0.41079598665237427, 0.33773475885391235, 0.3302282691001892, 0.2013506144285202, 0.24043980240821838, 0.22309860587120056, 0.10737638175487518, 0.24882161617279053], "dice_coef": [0.003724362002685666, 0.004459361080080271, 0.0028254054486751556, 0.006652174983173609, 0.004144318401813507, 0.008993921801447868, 0.003987581934779882, 0.010323408991098404, 0.0038739629089832306], "precision": [0.0021585258655250072, 0.0022130184806883335, 0.0013919294578954577, 0.003192843636497855, 0.0020830126013606787, 0.0038780909962952137, 0.0019436677685007453, 0.005962476134300232, 0.0012069689109921455], "recall": [1.0, 1.0, 1.0, 1.0, 1.0, 1.0, 1.0, 1.0, 1.0], "val_loss": [0.00015008528134785593, 0.00013769787619821727, 0.00013708662299904972, 0.00012817763490602374, 0.0001320153387496248, 0.00013634044444188476, 0.0001376159198116511, 0.00014009448932483792, 0.00014323877985589206], "val_dice_coef": [0.5477035045623779, 0.564179539680481, 0.5652675628662109, 0.5742241740226746, 0.5693061947822571, 0.566563606262207, 0.5674486756324768, 0.5673762559890747, 0.5674172639846802], "val_precision": [0.37837839126586914, 0.4000000059604645, 0.4000000059604645, 0.4117647111415863, 0.4117647111415863, 0.4117647111415863, 0.4000000059604645, 0.4000000059604645, 0.4000000059604645], "val_recall": [1.0, 1.0, 1.0, 1.0, 1.0, 1.0, 1.0, 1.0, 1.0]}