{"loss": [0.6376446485519409, 0.5550575256347656, 0.469353049993515, 0.404463529586792, 0.35801443457603455, 0.2994506359100342], "dice_coef": [0.0004046629765070975, 0.0003494574048090726, 0.00018945205374620855, 0.0006109134992584586, 0.00022783107124269009, 0.0006338119856081903], "precision": [0.00027368616429157555, 0.0003327863523736596, 0.0003937329165637493, 0.0025881791952997446, 0.0014513218775391579, 0.00867638923227787], "recall": [0.699386477470398, 0.48603352904319763, 0.3980582654476166, 0.5446622967720032, 0.321739137172699, 0.44235295057296753], "val_loss": [0.7558927536010742, 0.8249375820159912, 1.1142719984054565, 1.1263874769210815, 0.7752540707588196, 1.773693561553955], "val_dice_coef": [5.9156522183911875e-05, 6.431137444451451e-05, 7.027958781691268e-05, 7.5098367233295e-05, 6.3673360273242e-05, 4.434764923644252e-05], "val_precision": [2.3203618184197694e-05, 3.0450313715846278e-05, 3.5541266697691754e-05, 5.843738472322002e-05, 0.00013482358190231025, 1.2809838153771125e-05], "val_recall": [0.7857142686843872, 0.9285714030265808, 0.9285714030265808, 0.8571428656578064, 0.7142857313156128, 0.3571428656578064]}