{"P": 2.9436176612465972e-05, "R": 0.890282131661442, "IoU": 2.9436069827299573e-05, "F-score": 5.887040674119555e-05, "tn": 183706548, "fp": 482385406, "fn": 1750, "tp": 14200}