{"loss": [0.0006045217742212117, 0.0007055897731333971, 0.0004524232354015112, 0.0005345118697732687, 0.00036386409192346036, 0.000418487616116181], "dice_coef": [0.48922935128211975, 0.38053202629089355, 0.5025644898414612, 0.6252037286758423, 0.43007928133010864, 0.6365617513656616], "precision": [0.4435374140739441, 0.450314462184906, 0.37386569380760193, 0.5406360626220703, 0.4536489248275757, 0.5666666626930237], "recall": [1.0, 1.0, 1.0, 1.0, 1.0, 1.0], "val_loss": [1.841698758653365e-05, 2.564325950515922e-05, 3.287069557700306e-05, 4.1959498048527166e-05, 4.789290323969908e-05, 5.3039781050756574e-05], "val_dice_coef": [0.8527057766914368, 0.9315410256385803, 0.9114203453063965, 0.8782535195350647, 0.8589560389518738, 0.8434144258499146], "val_precision": [0.7647058963775635, 1.0, 1.0, 1.0, 1.0, 1.0], "val_recall": [0.9285714030265808, 0.8571428656578064, 0.8571428656578064, 0.7857142686843872, 0.7142857313156128, 0.7142857313156128]}