{"P": 0.9107471997731462, "R": 0.8054545454545454, "IoU": 0.7465279795455866, "F-score": 0.8548709076390738, "tn": 666090695, "fp": 1259, "fn": 3103, "tp": 12847}