{"P": 0.4359416261292564, "R": 0.9832601880877743, "IoU": 0.4327299817890845, "F-score": 0.6040635532017332, "tn": 666071662, "fp": 20292, "fn": 267, "tp": 15683}