{"loss": [0.2634527385234833, 0.3263666331768036, 0.23919133841991425, 0.36790281534194946, 0.23581568896770477, 0.272084504365921], "dice_coef": [0.0018411042401567101, 0.002019851701334119, 0.0014496061485260725, 0.002370992209762335, 0.0016802409663796425, 0.0032694884575903416], "precision": [0.0009923081379383802, 0.0009472052333876491, 0.0006658757920376956, 0.001148016657680273, 0.0007551283342763782, 0.0013087393017485738], "recall": [1.0, 1.0, 1.0, 1.0, 1.0, 1.0], "val_loss": [0.0003478603030089289, 0.000381206045858562, 0.00041300070006400347, 0.00044258974958211184, 0.00047460675705224276, 0.0005083567230030894], "val_dice_coef": [0.3844093084335327, 0.3593970835208893, 0.3375684916973114, 0.3173430263996124, 0.2935313880443573, 0.2680409848690033], "val_precision": [0.2295081913471222, 0.21212121844291687, 0.19718310236930847, 0.1818181872367859, 0.17073170840740204, 0.1627907007932663], "val_recall": [1.0, 1.0, 1.0, 1.0, 1.0, 1.0]}