{"P": 0.9161872048089309, "R": 0.6689028213166144, "IoU": 0.63033203355784, "F-score": 0.7732560246421452, "tn": 666090978, "fp": 976, "fn": 5281, "tp": 10669}