{"loss": [0.00974944420158863, 0.010404521599411964, 0.006704589817672968, 0.010851381346583366, 0.004767571575939655, 0.0067846504971385, 0.005726552568376064, 0.0032306783832609653, 0.005285955034196377, 0.005520445294678211, 0.003538531716912985, 0.004281498491764069, 0.003000031691044569, 0.002396918833255768, 0.004377058707177639, 0.002193143591284752, 0.0024404791183769703, 0.0014529622858390212], "dice_coef": [0.030975693836808205, 0.044458676129579544, 0.03729761391878128, 0.08754074573516846, 0.053181834518909454, 0.06969358026981354, 0.03765213117003441, 0.11714019626379013, 0.05588366836309433, 0.07815670967102051, 0.12136612087488174, 0.09136120229959488, 0.13835182785987854, 0.117124542593956, 0.08943157643079758, 0.08568070828914642, 0.1621440052986145, 0.22562596201896667], "precision": [0.036682795733213425, 0.0333612896502018, 0.04696762561798096, 0.038743987679481506, 0.061911169439554214, 0.07391304522752762, 0.061973363161087036, 0.19230769574642181, 0.037674035876989365, 0.09086021780967712, 0.15482118725776672, 0.09957557916641235, 0.17796219885349274, 0.20280702412128448, 0.11118442565202713, 0.13442325592041016, 0.27507004141807556, 0.2966465950012207], "recall": [1.0, 1.0, 1.0, 1.0, 1.0, 1.0, 1.0, 1.0, 1.0, 1.0, 1.0, 1.0, 1.0, 1.0, 1.0, 1.0, 1.0, 1.0], "val_loss": [0.00010608108277665451, 6.975446740398183e-05, 5.370898361434229e-05, 3.7449965020641685e-05, 3.3385913411621004e-05, 2.9504419217118993e-05, 2.6130910555366427e-05, 2.4869887056411244e-05, 2.339084676350467e-05, 2.220541864517145e-05, 2.1630094124702737e-05, 2.1195199224166572e-05, 2.0717185179819353e-05, 2.0910680177621543e-05, 2.089528788928874e-05, 2.1149840904399753e-05, 2.1807720258948393e-05, 2.2463449568022043e-05], "val_dice_coef": [0.6163537502288818, 0.6589089035987854, 0.6906026005744934, 0.7396518588066101, 0.7551506161689758, 0.772642970085144, 0.7893626689910889, 0.7955508828163147, 0.8051102757453918, 0.8126495480537415, 0.8163723349571228, 0.8192899227142334, 0.822752058506012, 0.8216424584388733, 0.8216758966445923, 0.8196473121643066, 0.8157981634140015, 0.8113899827003479], "val_precision": [0.4516128897666931, 0.48148149251937866, 0.5199999809265137, 0.6499999761581421, 0.6499999761581421, 0.6842105388641357, 0.6842105388641357, 0.6842105388641357, 0.7222222089767456, 0.7647058963775635, 0.7647058963775635, 0.8125, 0.8125, 0.8125, 0.8125, 0.8125, 0.7647058963775635, 0.7647058963775635], "val_recall": [1.0, 0.9285714030265808, 0.9285714030265808, 0.9285714030265808, 0.9285714030265808, 0.9285714030265808, 0.9285714030265808, 0.9285714030265808, 0.9285714030265808, 0.9285714030265808, 0.9285714030265808, 0.9285714030265808, 0.9285714030265808, 0.9285714030265808, 0.9285714030265808, 0.9285714030265808, 0.9285714030265808, 0.9285714030265808]}