{"P": 3.985052256204198e-06, "R": 0.03736677115987461, "IoU": 3.984643185164376e-06, "F-score": 7.969254615692658e-06, "tn": 516533658, "fp": 149558296, "fn": 15354, "tp": 596}