{"loss": [0.43085741996765137, 0.37821346521377563, 0.32920655608177185, 0.29384297132492065, 0.26199230551719666, 0.2267821729183197, 0.20745983719825745, 0.1840563714504242, 0.16155970096588135, 0.14559519290924072, 0.1307578831911087, 0.12192374467849731, 0.11539163440465927, 0.10514979064464569, 0.10181614011526108, 0.09843277931213379, 0.09299541264772415, 0.09107811748981476, 0.08711694180965424], "dice_coef": [9.350071923108771e-05, 0.0003013151290360838, 0.00023471210442949086, 0.00047821583575569093, 0.00022176680795382708, 0.0003868776257149875, 0.00025420906604267657, 0.0005644165212288499, 0.00023093361232895404, 0.00039996099076233804, 0.00033255681046284735, 0.000448667531600222, 0.0005468260496854782, 0.00040224273107014596, 0.00040240251109935343, 0.00018967433425132185, 0.000609056674875319, 0.000365613930625841, 0.00019221918773837388], "precision": [0.00011448659643065184, 0.0007179024396464229, 0.0012373557547107339, 0.004697148688137531, 0.0026036242488771677, 0.007505394518375397, 0.005822048056870699, 0.01847619004547596, 0.0042722453363239765, 0.010120888240635395, 0.007891770452260971, 0.011726384051144123, 0.012554927729070187, 0.010273972526192665, 0.009193054400384426, 0.0005330490530468524, 0.015853658318519592, 0.0, 0.0], "recall": [0.10429447889328003, 0.31564244627952576, 0.3883495032787323, 0.31154683232307434, 0.21739129722118378, 0.1882352977991104, 0.2017543911933899, 0.21555554866790771, 0.21014492213726044, 0.10650887340307236, 0.061403509229421616, 0.1180327832698822, 0.10362694412469864, 0.06228373572230339, 0.05341246351599693, 0.006756756920367479, 0.05295315757393837, 0.0, 0.0], "val_loss": [0.7414860725402832, 0.7098528146743774, 0.7078086137771606, 0.8531043529510498, 1.0375417470932007, 0.7918593883514404, 0.5605659484863281, 0.4835832417011261, 1.4116848707199097, 1.4772188663482666, 1.3924825191497803, 1.1879620552062988, 0.42703789472579956, 0.33494898676872253, 0.5216126441955566, 0.4110601544380188, 4.3691182136535645, 2.86496901512146, 1.8060921430587769], "val_dice_coef": [5.910167601541616e-05, 5.9009427786804736e-05, 6.074085831642151e-05, 6.635139288846403e-05, 7.055892638163641e-05, 7.613278285134584e-05, 7.099463255144656e-05, 6.52456801617518e-05, 5.701676127500832e-05, 5.777224214398302e-05, 5.723618232877925e-05, 5.8544545026961714e-05, 6.397245306288823e-05, 6.73308823024854e-05, 6.459072028519586e-05, 6.131134432507679e-05, 5.604203761322424e-05, 5.7391262089367956e-05, 5.6652457715244964e-05], "val_precision": [2.708897773118224e-05, 2.8439522793632932e-05, 3.88254011340905e-05, 3.985709554399364e-05, 4.410564724821597e-05, 6.86545972712338e-05, 0.00022773855016566813, 0.00020253164984751493, 2.9936947612441145e-05, 2.8534239390864968e-05, 2.8176646083011292e-05, 2.789992868201807e-05, 0.0, 0.0, 5.563591912505217e-05, 0.0, 2.5992929295171052e-05, 2.660036989254877e-05, 2.7541438612388447e-05], "val_recall": [0.9285714030265808, 0.6428571343421936, 0.6428571343421936, 0.7857142686843872, 0.8571428656578064, 0.6428571343421936, 0.4285714328289032, 0.1428571492433548, 0.9285714030265808, 0.9285714030265808, 0.9285714030265808, 0.9285714030265808, 0.0, 0.0, 0.2857142984867096, 0.0, 0.9285714030265808, 0.9285714030265808, 0.9285714030265808]}