{"P": 0.9211570752556861, "R": 0.7566771159874608, "IoU": 0.7106518282988871, "F-score": 0.8308550185873605, "tn": 666090921, "fp": 1033, "fn": 3881, "tp": 12069}