{"loss": [0.003915234934538603, 0.004342700354754925, 0.0029719078447669744, 0.003469060407951474, 0.0029585175216197968, 0.002043387619778514, 0.002407823223620653], "dice_coef": [0.15083453059196472, 0.1692506968975067, 0.10643770545721054, 0.20764711499214172, 0.1039913147687912, 0.20841379463672638, 0.14543884992599487], "precision": [0.06286154687404633, 0.05876559391617775, 0.05187610164284706, 0.11052251607179642, 0.057399552315473557, 0.159894660115242, 0.07789545506238937], "recall": [1.0, 1.0, 1.0, 1.0, 1.0, 1.0, 1.0], "val_loss": [6.724980630679056e-05, 2.626430978125427e-05, 2.8462245609262027e-05, 3.2877494959393516e-05, 3.690672747325152e-05, 4.159982199780643e-05, 4.563405309454538e-05], "val_dice_coef": [0.712079644203186, 0.904725193977356, 0.9449405074119568, 0.9191701412200928, 0.8960655331611633, 0.8814792037010193, 0.8704557418823242], "val_precision": [0.5416666865348816, 0.9285714030265808, 1.0, 1.0, 1.0, 1.0, 1.0], "val_recall": [0.9285714030265808, 0.9285714030265808, 0.9285714030265808, 0.8571428656578064, 0.7857142686843872, 0.7857142686843872, 0.7857142686843872]}