{"P": 0.5629159693301677, "R": 0.9067711598746081, "IoU": 0.5321192052980133, "F-score": 0.694618543332613, "tn": 666080724, "fp": 11230, "fn": 1487, "tp": 14463}