{"loss": [0.4885879158973694, 0.5863839983940125, 0.5410712957382202, 0.5154005289077759, 0.5043995380401611, 0.4880298972129822], "dice_coef": [0.0006557881715707481, 0.0027395060751587152, 0.002551588462665677, 0.0012407790636643767, 0.002042931504547596, 0.0018851705826818943], "precision": [0.00034118324401788414, 0.0014415750047191978, 0.0009805222507566214, 0.0005655703134834766, 0.0010353022953495383, 0.0009553959826007485], "recall": [0.9545454382896423, 0.9905660152435303, 1.0, 1.0, 1.0, 0.9915966391563416], "val_loss": [0.00016581974341534078, 0.00018794946663547307, 0.00021398838725872338, 0.00024452173965983093, 0.00027693784795701504, 0.00030923288431949914], "val_dice_coef": [0.9204716086387634, 0.9122386574745178, 0.9012343883514404, 0.8890560269355774, 0.8797953128814697, 0.871332585811615], "val_precision": [0.8846153616905212, 0.853210985660553, 0.837837815284729, 0.8086956739425659, 0.7948718070983887, 0.7948718070983887], "val_recall": [0.978723406791687, 0.9893617033958435, 0.9893617033958435, 0.9893617033958435, 0.9893617033958435, 0.9893617033958435]}