{"loss": [0.008146211504936218, 0.008028263226151466, 0.006501193158328533, 0.0069151101633906364, 0.007157595828175545, 0.004795320797711611], "dice_coef": [0.01751914620399475, 0.057367850095033646, 0.08838338404893875, 0.02936205267906189, 0.04935581237077713, 0.081275075674057], "precision": [0.007067137863487005, 0.034465938806533813, 0.024845881387591362, 0.01181364431977272, 0.022575680166482925, 0.03008849546313286], "recall": [1.0, 1.0, 1.0, 1.0, 1.0, 1.0], "val_loss": [9.639876952860504e-05, 0.00012517064169514924, 0.0001516710181022063, 0.00017258949810639024, 0.00019089077250100672, 0.0002043646527454257], "val_dice_coef": [0.9071593284606934, 0.8704677224159241, 0.846388578414917, 0.8310352563858032, 0.8184619545936584, 0.809785783290863], "val_precision": [0.9647058844566345, 0.9610389471054077, 0.9594594836235046, 0.9577465057373047, 0.9571428298950195, 0.9571428298950195], "val_recall": [0.8723404407501221, 0.7872340679168701, 0.7553191781044006, 0.7234042286872864, 0.7127659320831299, 0.7127659320831299]}