{"P": 0.1362655347925397, "R": 0.9500313479623824, "IoU": 0.13529585085581122, "F-score": 0.23834465836164584, "tn": 665995905, "fp": 96049, "fn": 797, "tp": 15153}