{"P": 2.4343259911275977e-05, "R": 0.9986833855799373, "IoU": 2.4343259130029196e-05, "F-score": 4.8685333100378896e-05, "tn": 11758381, "fp": 654333573, "fn": 21, "tp": 15929}