{"loss": [1.114473819732666, 0.9561859369277954, 0.8363761901855469, 0.7271357774734497, 0.6586024165153503, 0.5754626989364624], "dice_coef": [5.8432524383533746e-05, 0.00027372699696570635, 0.00013311440125107765, 5.551797949010506e-05, 9.85582810244523e-05, 5.893443449167535e-05], "precision": [2.2636593712377362e-05, 0.00010383591870777309, 5.167900962987915e-05, 2.3016526029095985e-05, 5.090360718895681e-05, 2.625267006806098e-05], "recall": [0.8863636255264282, 0.8066037893295288, 0.5563910007476807, 0.3380281627178192, 0.28787878155708313, 0.09243697673082352], "val_loss": [1.3842254877090454, 6.89124059677124, 12.5994291305542, 7.2657270431518555, 9.500239372253418, 12.530339241027832], "val_dice_coef": [0.00039828772423788905, 0.0003683107497636229, 0.00036478976835496724, 0.0003818878612946719, 0.0003821341379079968, 0.000368603941751644], "val_precision": [0.00017983306315727532, 0.000179638882400468, 0.00017980588017962873, 0.00018286301929038018, 0.00018389725300949067, 0.00018009387713391334], "val_recall": [1.0, 1.0, 1.0, 1.0, 1.0, 1.0]}