{"P": 0.7234960148487826, "R": 0.8309090909090909, "IoU": 0.6306447775398525, "F-score": 0.7734913038403174, "tn": 666086889, "fp": 5065, "fn": 2697, "tp": 13253}