{"loss": [0.0004651364288292825, 0.0005740337073802948, 0.0005074143991805613, 0.0003553529968485236, 0.00045846152352169156, 0.0003421272849664092], "dice_coef": [0.1978795826435089, 0.501057505607605, 0.44239941239356995, 0.4468071758747101, 0.49908044934272766, 0.50807124376297], "precision": [0.1471571922302246, 0.4156862795352936, 0.35849055647850037, 0.27519381046295166, 0.3739376664161682, 0.3993288576602936], "recall": [1.0, 1.0, 1.0, 1.0, 1.0, 1.0], "val_loss": [0.0003485630440991372, 0.0006345625733956695, 0.0007993850158527493, 0.0009147690725512803, 0.0010045195231214166, 0.0010621077381074429], "val_dice_coef": [0.8279073238372803, 0.7546191811561584, 0.6849507093429565, 0.6562981605529785, 0.6364522576332092, 0.6182857155799866], "val_precision": [0.9577465057373047, 0.9672130942344666, 0.9599999785423279, 0.978723406791687, 0.97826087474823, 0.9772727489471436], "val_recall": [0.7234042286872864, 0.6276595592498779, 0.5106382966041565, 0.4893617033958435, 0.478723406791687, 0.457446813583374]}