{"P": 0.7953757916119011, "R": 0.8346708463949843, "IoU": 0.6871225806451613, "F-score": 0.8145496818404308, "tn": 666088529, "fp": 3425, "fn": 2637, "tp": 13313}