{"P": 0.017691135705252548, "R": 0.9594984326018808, "IoU": 0.017677934463193302, "F-score": 0.03474170730157001, "tn": 665242192, "fp": 849762, "fn": 646, "tp": 15304}