{"loss": [1.0981402397155762, 1.0775879621505737, 1.036423683166504, 1.0467290878295898, 0.9938156604766846, 0.9962082505226135, 0.999468982219696, 0.9357733130455017, 0.9048383235931396], "dice_coef": [0.004032856319099665, 0.004005505237728357, 0.004211497958749533, 0.00468055484816432, 0.004438536707311869, 0.004938869271427393, 0.005076425615698099, 0.004732238594442606, 0.004748411010950804], "precision": [0.00203564646653831, 0.0020161690190434456, 0.0021041585132479668, 0.002098785014823079, 0.0021957866847515106, 0.0022052081767469645, 0.0021923575550317764, 0.0022906360682100058, 0.0023678187280893326], "recall": [0.9961038827896118, 0.9909090995788574, 0.9974026083946228, 0.9974026083946228, 0.9935064911842346, 0.9948052167892456, 0.9941558241844177, 0.9961038827896118, 0.9967532753944397], "val_loss": [0.00035555483191274107, 0.0002737347094807774, 0.0002241803304059431, 0.00021120905876159668, 0.00025886870571412146, 0.00047142282710410655, 0.0008792492444626987, 0.0014651920646429062, 0.0022404801566153765], "val_dice_coef": [0.6168550848960876, 0.6743407249450684, 0.7394440174102783, 0.7594985961914062, 0.6992359757423401, 0.5795959830284119, 0.48063352704048157, 0.3998622000217438, 0.33658847212791443], "val_precision": [0.800000011920929, 0.8160919547080994, 0.8195876479148865, 0.804651141166687, 0.6882129311561584, 0.4735516309738159, 0.33907055854797363, 0.24757280945777893, 0.1837645024061203], "val_recall": [0.5767441987991333, 0.6604651212692261, 0.739534854888916, 0.804651141166687, 0.8418604731559753, 0.8744186162948608, 0.9162790775299072, 0.9488372206687927, 0.9581395387649536]}