{"loss": [0.036036167293787, 0.03020746260881424, 0.02583480067551136, 0.02209406904876232, 0.020048746839165688, 0.01843821443617344], "dice_coef": [0.050239820033311844, 0.05892913416028023, 0.08837402611970901, 0.10607189685106277, 0.10451016575098038, 0.1346503645181656], "precision": [0.019902555271983147, 0.023141812533140182, 0.027022285386919975, 0.02948063425719738, 0.032643601298332214, 0.03406498581171036], "recall": [1.0, 0.9993506669998169, 1.0, 0.9974026083946228, 0.9967532753944397, 0.998701274394989], "val_loss": [0.0010239003458991647, 0.0011469991877675056, 0.0011759118642657995, 0.0011695320717990398, 0.0011523194843903184, 0.0011279346654191613], "val_dice_coef": [0.21076442301273346, 0.1573798507452011, 0.14086094498634338, 0.13624726235866547, 0.13693460822105408, 0.14001281559467316], "val_precision": [0.9545454382896423, 0.9444444179534912, 1.0, 1.0, 1.0, 1.0], "val_recall": [0.0976744219660759, 0.07906977087259293, 0.0651162788271904, 0.0651162788271904, 0.0651162788271904, 0.06976744532585144]}