{"loss": [0.5286569595336914, 0.3871361315250397, 0.2819066643714905, 0.2090282291173935, 0.17256492376327515, 0.14733563363552094, 0.13107673823833466, 0.12020537257194519, 0.1121925413608551, 0.10522442311048508, 0.09906884282827377, 0.09470552951097488, 0.09087594598531723, 0.08625125885009766, 0.08234591037034988, 0.07915157079696655, 0.0772218331694603, 0.074571892619133, 0.07157013565301895, 0.07026083022356033], "dice_coef": [0.0004709279164671898, 0.0004967699642293155, 0.0005056617665104568, 0.00047409883700311184, 0.0005748901749029756, 0.0005947978352196515, 0.000645497057121247, 0.0005902949487790465, 0.000614565855357796, 0.0007381443283520639, 0.0007007867097854614, 0.0007580856909044087, 0.0007267435430549085, 0.0007522141095250845, 0.0007242970168590546, 0.0007368039223365486, 0.0007531035807915032, 0.0007338112336583436, 0.0007487458060495555, 0.0007519673672504723], "precision": [0.00042350683361291885, 0.0016520166536793113, 0.003323958022519946, 0.0013926191022619605, 0.007204425521194935, 0.006304929498583078, 0.007199256680905819, 0.0, 0.0, 0.006906579248607159, 0.0, 0.006503251846879721, 0.00159744406118989, 0.00725163146853447, 0.0, 0.0, 0.0, 0.0, 0.0, 0.0], "recall": [0.3123376667499542, 0.17207792401313782, 0.07597402483224869, 0.00909090880304575, 0.036363635212183, 0.02142857201397419, 0.020129870623350143, 0.0, 0.0, 0.012337662279605865, 0.0, 0.008441558107733727, 0.0019480519695207477, 0.006493506487458944, 0.0, 0.0, 0.0, 0.0, 0.0, 0.0], "val_loss": [0.7694752812385559, 0.8572670817375183, 1.1221367120742798, 5.698179244995117, 0.450262188911438, 0.44885292649269104, 0.5433409810066223, 0.29977601766586304, 0.2623938024044037, 0.24564258754253387, 0.22357885539531708, 0.20955507457256317, 0.18704132735729218, 0.16576071083545685, 0.15052640438079834, 0.13256697356700897, 0.12078269571065903, 0.11840180307626724, 0.10466507077217102, 0.09810101240873337], "val_dice_coef": [0.0002843687543645501, 0.0002594719117041677, 0.00028909993125125766, 0.0002683002094272524, 0.0002683177590370178, 0.0002607765782158822, 0.0002534880768507719, 0.00026854188763536513, 0.0002648038789629936, 0.0002614280965644866, 0.000259796273894608, 0.0002638071309775114, 0.0002637610596138984, 0.000261846900684759, 0.0002679517783690244, 0.00027173376292921603, 0.0002838466316461563, 0.00029209759668447077, 0.0003028482024092227, 0.00030990151572041214], "val_precision": [0.0001497529592597857, 0.00011243078188272193, 0.00013597297947853804, 0.0001302458404097706, 0.0, 8.879575034370646e-06, 7.483467197744176e-05, 0.0, 0.0, 0.0, 0.0, 0.0, 0.0, 0.0, 0.0, 0.0, 0.0, 0.0, 0.0, 0.0], "val_recall": [0.7488372325897217, 0.604651153087616, 0.9023255705833435, 0.9023255705833435, 0.0, 0.004651162773370743, 0.08837209641933441, 0.0, 0.0, 0.0, 0.0, 0.0, 0.0, 0.0, 0.0, 0.0, 0.0, 0.0, 0.0, 0.0]}