{"loss": [0.0026207538321614265, 0.002575236838310957, 0.0019523575901985168, 0.0015764249255880713, 0.0012994396965950727, 0.0010374841513112187], "dice_coef": [0.38714709877967834, 0.4024801254272461, 0.4769515097141266, 0.481306791305542, 0.541702926158905, 0.5803276300430298], "precision": [0.26568132638931274, 0.2546272277832031, 0.2893877625465393, 0.35370415449142456, 0.40520229935646057, 0.4564790427684784], "recall": [0.9571428298950195, 0.9558441638946533, 0.9207792282104492, 0.9207792282104492, 0.9103896021842957, 0.9058441519737244], "val_loss": [0.001746052410453558, 0.0019329404458403587, 0.0020027202554047108, 0.0020267607178539038, 0.002035696292296052, 0.002038706559687853], "val_dice_coef": [0.1065140962600708, 0.04468631371855736, 0.03660481423139572, 0.030620530247688293, 0.028917357325553894, 0.028307417407631874], "val_precision": [1.0, 1.0, 1.0, 1.0, 1.0, 1.0], "val_recall": [0.05116279050707817, 0.01860465109348297, 0.013953488320112228, 0.009302325546741486, 0.009302325546741486, 0.009302325546741486]}