{"P": 0.962255226563239, "R": 0.637742946708464, "IoU": 0.6221787265276164, "F-score": 0.7670902303834697, "tn": 666091555, "fp": 399, "fn": 5778, "tp": 10172}