{"loss": [0.03957943618297577, 0.05662008002400398, 0.036195479333400726, 0.06261129677295685, 0.024292176589369774, 0.03616032004356384, 0.038332559168338776, 0.01914460025727749, 0.04215575382113457, 0.05404392629861832, 0.023861154913902283, 0.03622861206531525, 0.029387807473540306, 0.02533118985593319, 0.04279465600848198, 0.012251320295035839, 0.019704777747392654, 0.009182426147162914, 0.022657642140984535, 0.017550155520439148], "dice_coef": [0.015713078901171684, 0.025144856423139572, 0.02465617097914219, 0.06172303110361099, 0.02061275765299797, 0.03438088670372963, 0.01648566499352455, 0.04128560051321983, 0.028132732957601547, 0.05501847341656685, 0.059065986424684525, 0.03436357155442238, 0.05156813934445381, 0.03332008421421051, 0.0406225211918354, 0.03783591836690903, 0.04348250478506088, 0.12230563163757324, 0.012182642705738544, 0.046647753566503525], "precision": [0.009842400439083576, 0.008531935513019562, 0.006698315497487783, 0.01004178635776043, 0.010962821543216705, 0.015020852908492088, 0.0068888417445123196, 0.02406545728445053, 0.00408840412274003, 0.007956498302519321, 0.014746463857591152, 0.010847143828868866, 0.015201039612293243, 0.012660445645451546, 0.009992587380111217, 0.012072762474417686, 0.02785499580204487, 0.03730132803320885, 0.009036144241690636, 0.025829223915934563], "recall": [1.0, 1.0, 1.0, 1.0, 1.0, 1.0, 1.0, 1.0, 1.0, 1.0, 1.0, 1.0, 1.0, 1.0, 1.0, 1.0, 1.0, 1.0, 1.0, 1.0], "val_loss": [7.756889681331813e-05, 3.9967439079191536e-05, 2.718084942898713e-05, 1.664214323682245e-05, 1.351281207462307e-05, 1.187138695968315e-05, 1.0756531992228702e-05, 1.0239804396405816e-05, 1.0021849448094144e-05, 9.863639206741937e-06, 9.754074199008755e-06, 9.683362804935314e-06, 9.651176696934272e-06, 9.645366844779346e-06, 9.634535672375932e-06, 9.636418326408602e-06, 9.689703801996075e-06, 9.692934327176772e-06, 9.77717172645498e-06, 9.768526979314629e-06], "val_dice_coef": [0.6413200497627258, 0.7235994338989258, 0.7677373290061951, 0.8195704817771912, 0.8424882888793945, 0.8586791157722473, 0.8728671669960022, 0.8809131979942322, 0.8846847414970398, 0.8893232941627502, 0.8923508524894714, 0.8944712281227112, 0.8957716822624207, 0.8945014476776123, 0.895661473274231, 0.8952483534812927, 0.8925648927688599, 0.892105758190155, 0.8894498944282532, 0.8897115588188171], "val_precision": [0.5, 0.5600000023841858, 0.6363636255264282, 0.7647058963775635, 0.8666666746139526, 0.9285714030265808, 1.0, 1.0, 1.0, 1.0, 1.0, 1.0, 1.0, 1.0, 1.0, 1.0, 1.0, 1.0, 1.0, 1.0], "val_recall": [1.0, 1.0, 1.0, 0.9285714030265808, 0.9285714030265808, 0.9285714030265808, 0.9285714030265808, 0.9285714030265808, 0.9285714030265808, 0.9285714030265808, 0.9285714030265808, 0.9285714030265808, 0.9285714030265808, 0.9285714030265808, 0.9285714030265808, 0.9285714030265808, 0.9285714030265808, 0.9285714030265808, 0.9285714030265808, 0.9285714030265808]}