{"P": 0.940959409594096, "R": 0.719435736677116, "IoU": 0.6883623275344931, "F-score": 0.8154201456741873, "tn": 666091234, "fp": 720, "fn": 4475, "tp": 11475}