{"P": 0.16157629161821654, "R": 0.9495924764890282, "IoU": 0.16020223601958897, "F-score": 0.2761626051837468, "tn": 666013361, "fp": 78593, "fn": 804, "tp": 15146}