{"loss": [0.748629093170166, 0.9168198704719543, 0.8025190234184265, 0.9166170358657837, 0.6963558197021484, 0.7178975343704224], "dice_coef": [0.0028355063404887915, 0.0031429275404661894, 0.0018782319966703653, 0.004315695259720087, 0.0023027234710752964, 0.005098623223602772], "precision": [0.00163922063075006, 0.0014991436619311571, 0.0009568704990670085, 0.0020257923752069473, 0.0011199851287528872, 0.0022463358473032713], "recall": [1.0, 1.0, 0.9902912378311157, 1.0, 0.9956521987915039, 1.0], "val_loss": [0.0005625508492812514, 0.0006454513058997691, 0.0007360554882325232, 0.0008288294775411487, 0.0009399597765877843, 0.0010586227290332317], "val_dice_coef": [0.3996308445930481, 0.37244775891304016, 0.34397128224372864, 0.3180212676525116, 0.2858101725578308, 0.2444954663515091], "val_precision": [0.24561403691768646, 0.2222222238779068, 0.20588235557079315, 0.18918919563293457, 0.17499999701976776, 0.16470588743686676], "val_recall": [1.0, 1.0, 1.0, 1.0, 1.0, 1.0]}