{"P": 2.6788901116924025e-05, "R": 0.849717868338558, "IoU": 2.678877419392177e-05, "F-score": 5.3576113149446196e-05, "tn": 160187032, "fp": 505904922, "fn": 2397, "tp": 13553}