{"loss": [0.6323407292366028, 0.5347103476524353, 0.44786161184310913, 0.36847785115242004, 0.32494649291038513, 0.26875901222229004], "dice_coef": [0.00026766539667733014, 0.0004267512704245746, 0.0002545819152146578, 0.0007856696611270308, 0.0004975112387910485, 0.0009560601902194321], "precision": [0.00016872260312084109, 0.0005149185308255255, 0.0006815886008553207, 0.00550256809219718, 0.005356169305741787, 0.024116314947605133], "recall": [0.43865031003952026, 0.6117318272590637, 0.5436893105506897, 0.6535947918891907, 0.7260869741439819, 0.6517646908760071], "val_loss": [0.7700186967849731, 1.260239839553833, 1.3915760517120361, 0.8973767757415771, 1.1684908866882324, 0.8398692011833191], "val_dice_coef": [6.082476465962827e-05, 6.709039735142142e-05, 7.393395935650915e-05, 6.14957170910202e-05, 6.347421003738418e-05, 8.321506174979731e-05], "val_precision": [3.1568291888106614e-05, 2.6069135856232606e-05, 3.1866416975390166e-05, 4.2505605961196125e-05, 2.824337025231216e-05, 3.5568707971833646e-05], "val_recall": [1.0, 0.9285714030265808, 0.9285714030265808, 0.9285714030265808, 0.9285714030265808, 0.7142857313156128]}