{"P": 0.7616776220115177, "R": 0.8209404388714734, "IoU": 0.6531650621040554, "F-score": 0.7901994508312966, "tn": 666087857, "fp": 4097, "fn": 2856, "tp": 13094}