{"loss": [0.005773982964456081, 0.0072969719767570496, 0.005819743033498526, 0.006728422828018665, 0.003525874810293317, 0.004020178224891424], "dice_coef": [0.16789226233959198, 0.20227637887001038, 0.1311449408531189, 0.2098742425441742, 0.1584489643573761, 0.24935796856880188], "precision": [0.09421965479850769, 0.0838407501578331, 0.056749310344457626, 0.08598726242780685, 0.08890607208013535, 0.13569603860378265], "recall": [1.0, 1.0, 1.0, 1.0, 1.0, 1.0], "val_loss": [1.938100831466727e-05, 2.1163576093385927e-05, 2.9730588721577078e-05, 4.1728093492565677e-05, 5.014817725168541e-05, 5.656332723447122e-05], "val_dice_coef": [0.8584316372871399, 0.9460027813911438, 0.9180513620376587, 0.8826987743377686, 0.8646962642669678, 0.8438171744346619], "val_precision": [0.7647058963775635, 1.0, 1.0, 1.0, 1.0, 1.0], "val_recall": [0.9285714030265808, 0.9285714030265808, 0.8571428656578064, 0.7857142686843872, 0.7857142686843872, 0.7142857313156128]}