{"loss": [0.3792765140533447, 0.3697023391723633, 0.36973437666893005, 0.3389991521835327, 0.343451589345932, 0.34079495072364807, 0.33553919196128845, 0.3325956165790558, 0.320086807012558], "dice_coef": [0.004202455282211304, 0.004216406960040331, 0.00424158712849021, 0.004601858090609312, 0.004362680017948151, 0.004631022922694683, 0.00479775108397007, 0.004613860044628382, 0.0045282733626663685], "precision": [0.002136924071237445, 0.0021748358849436045, 0.002184776123613119, 0.002339428523555398, 0.002278170781210065, 0.0023146686144173145, 0.0023017730563879013, 0.002321946434676647, 0.0023805696982890368], "recall": [1.0, 0.9980519413948059, 0.9993506669998169, 0.9993506669998169, 0.998701274394989, 1.0, 0.9993506669998169, 0.9993506669998169, 1.0], "val_loss": [0.0003049351507797837, 0.00022554048337042332, 0.0001789912348613143, 0.00015941170568112284, 0.0001610253530088812, 0.00018692183948587626, 0.00023855635663494468, 0.0003129234246443957, 0.0004097641503904015], "val_dice_coef": [0.6009311676025391, 0.6709234118461609, 0.7233942151069641, 0.745046079158783, 0.7437467575073242, 0.7174603939056396, 0.6722484230995178, 0.617637574672699, 0.5588445663452148], "val_precision": [0.9504950642585754, 0.9124087691307068, 0.8452380895614624, 0.8090452551841736, 0.78125, 0.7137404680252075, 0.6486486196517944, 0.5843023061752319, 0.5049751400947571], "val_recall": [0.4465116262435913, 0.5813953280448914, 0.6604651212692261, 0.7488372325897217, 0.8139534592628479, 0.869767427444458, 0.8930232524871826, 0.934883713722229, 0.9441860318183899]}