{"P": 0.47587405126954613, "R": 0.978808777429467, "IoU": 0.4710212701764972, "F-score": 0.6404003527698586, "tn": 666074759, "fp": 17195, "fn": 338, "tp": 15612}