{"loss": [0.26071155071258545, 0.17737990617752075, 0.12247654795646667, 0.08075833320617676, 0.062404733151197433, 0.05137738585472107], "dice_coef": [0.008079544641077518, 0.011116164736449718, 0.015922682359814644, 0.025553064420819283, 0.027461795136332512, 0.03763002157211304], "precision": [0.004058490972965956, 0.005363274831324816, 0.0072585358284413815, 0.00950874574482441, 0.012109433300793171, 0.014200471341609955], "recall": [0.9993506669998169, 1.0, 1.0, 0.9993506669998169, 0.9993506669998169, 0.9967532753944397], "val_loss": [0.0008047050796449184, 0.0009753578924573958, 0.001057145302183926, 0.0010542365489527583, 0.0010075479513034225, 0.0009318278171122074], "val_dice_coef": [0.36288610100746155, 0.34253379702568054, 0.3257769048213959, 0.31897151470184326, 0.3234155476093292, 0.33643069863319397], "val_precision": [0.9259259104728699, 0.9230769276618958, 0.9555555582046509, 0.949999988079071, 0.9523809552192688, 0.9545454382896423], "val_recall": [0.23255814611911774, 0.22325581312179565, 0.20000000298023224, 0.17674419283866882, 0.1860465109348297, 0.1953488439321518]}