{"P": 0.7549368892508144, "R": 0.9299686520376176, "IoU": 0.7143269925355165, "F-score": 0.8333614247991461, "tn": 666087139, "fp": 4815, "fn": 1117, "tp": 14833}