{"loss": [0.6212934255599976, 0.46953296661376953, 0.3472609519958496, 0.25552627444267273, 0.19951361417770386, 0.1625070571899414, 0.1385090947151184, 0.12625671923160553, 0.1241789236664772, 0.12164328247308731, 0.11366928368806839, 0.10650190711021423, 0.09997332841157913, 0.0943489670753479, 0.09138602763414383, 0.08912146836519241, 0.08475583046674728, 0.08318838477134705, 0.08041239529848099, 0.07717003673315048], "dice_coef": [0.0004974057083018124, 0.0005109459743835032, 0.0005094201769679785, 0.0005058877868577838, 0.00045846018474549055, 0.0005192962125875056, 0.000550110824406147, 0.0005895902286283672, 0.0006046403432264924, 0.0006354093202389777, 0.00062633614288643, 0.0006625978858210146, 0.0006992605631239712, 0.0006804173463024199, 0.0007032579742372036, 0.0007176261860877275, 0.000696707284078002, 0.0006856854888610542, 0.000717660179361701, 0.0007123040850274265], "precision": [0.00034486580989323556, 0.0008133932133205235, 0.002354672644287348, 0.0022927194368094206, 0.00022927015379536897, 0.00023983691062312573, 0.0, 0.0, 0.0, 0.002763124881312251, 0.0006045949412509799, 0.0010634526843205094, 0.00424628471955657, 0.006068779621273279, 0.0, 0.005171299446374178, 0.0064056939445436, 0.0009302325779572129, 0.006410256493836641, 0.004081632476300001], "recall": [0.4344155788421631, 0.3155844211578369, 0.15584415197372437, 0.06363636255264282, 0.0019480519695207477, 0.0012987012742087245, 0.0, 0.0, 0.0, 0.0071428571827709675, 0.0012987012742087245, 0.0019480519695207477, 0.006493506487458944, 0.005844155792146921, 0.0, 0.005194805096834898, 0.005844155792146921, 0.0006493506371043622, 0.005844155792146921, 0.002597402548417449], "val_loss": [0.7200496196746826, 0.6102764010429382, 3.884021759033203, 9.686945915222168, 4.392156600952148, 0.44930151104927063, 0.9786286354064941, 0.29774439334869385, 8.596081733703613, 0.8798063397407532, 0.232125923037529, 0.21175616979599, 0.1884441375732422, 0.17578084766864777, 0.16004668176174164, 0.15550729632377625, 0.13485200703144073, 0.1265007108449936, 0.1252303570508957, 0.1166127398610115], "val_dice_coef": [0.00027789745945483446, 0.00028362032026052475, 0.0002676698786672205, 0.00026573744253255427, 0.0002470214676577598, 0.0002836339990608394, 0.00024396956723649055, 0.00028929358813911676, 0.0002672328264452517, 0.00037289969623088837, 0.00031805457547307014, 0.00031234699417836964, 0.0003208722919225693, 0.00032470861333422363, 0.0003299400850664824, 0.0003252012247685343, 0.0003389247867744416, 0.0003431863442528993, 0.0003340387484058738, 0.00033748787245713174], "val_precision": [0.00010849773389054462, 0.002615138655528426, 0.00013003216008655727, 0.00013067548570688814, 0.00012537272414192557, 5.899307143408805e-05, 9.402992145624012e-05, 0.0, 0.00013069217675365508, 0.0001969947770703584, 0.0, 0.0, 0.0, 0.0, 0.0, 0.0, 0.0, 0.0, 0.0, 0.0], "val_recall": [0.5767441987991333, 0.08372092992067337, 0.930232584476471, 0.9395349025726318, 0.8604651093482971, 0.0325581394135952, 0.21395349502563477, 0.0, 0.9023255705833435, 0.6558139324188232, 0.0, 0.0, 0.0, 0.0, 0.0, 0.0, 0.0, 0.0, 0.0, 0.0]}