{"loss": [0.0003782579442486167, 0.00034327260800637305, 0.000344794214470312, 0.00031414252589456737, 0.0002945931919384748, 0.0003085806383751333], "dice_coef": [0.739673912525177, 0.7371839880943298, 0.784542977809906, 0.7998045086860657, 0.7725511193275452, 0.7754246592521667], "precision": [0.7259259223937988, 0.7515320181846619, 0.7909258008003235, 0.80409175157547, 0.8142948150634766, 0.8021423816680908], "recall": [0.8909090757369995, 0.8759739995002747, 0.8376623392105103, 0.8422077894210815, 0.8285714387893677, 0.8266233801841736], "val_loss": [0.0018425147281959653, 0.0019591294694691896, 0.0020036811474710703, 0.002021464053541422, 0.002027797745540738, 0.0020278620067983866], "val_dice_coef": [0.10146959871053696, 0.05270804092288017, 0.03734275698661804, 0.030920686200261116, 0.028334742411971092, 0.027608424425125122], "val_precision": [1.0, 1.0, 1.0, 1.0, 1.0, 1.0], "val_recall": [0.041860464960336685, 0.01860465109348297, 0.013953488320112228, 0.009302325546741486, 0.009302325546741486, 0.009302325546741486]}