{"P": 0.9677665458706847, "R": 0.6362382445141066, "IoU": 0.6230353634577603, "F-score": 0.7677409592979271, "tn": 666091616, "fp": 338, "fn": 5802, "tp": 10148}