{"P": 0.9411023357418922, "R": 0.7022570532915361, "IoU": 0.6726923307909435, "F-score": 0.804322849346546, "tn": 666091253, "fp": 701, "fn": 4749, "tp": 11201}