{"loss": [0.03325724974274635, 0.006773543078452349, 0.0026130545884370804, 0.0018874183297157288, 0.0015381681732833385, 0.0013145779957994819], "dice_coef": [0.02707916498184204, 0.11716098338365555, 0.22025829553604126, 0.26448196172714233, 0.29112115502357483, 0.32705819606781006], "precision": [0.01630927249789238, 0.1060650423169136, 0.2931034564971924, 0.3589670956134796, 0.40740740299224854, 0.46395859122276306], "recall": [0.9818181991577148, 0.9402597546577454, 0.8720779418945312, 0.8214285969734192, 0.7785714268684387, 0.7564935088157654], "val_loss": [0.0007773435208946466, 0.0009431051439605653, 0.0010169224115088582, 0.0010477890027686954, 0.0010613894555717707, 0.0010653702775016427], "val_dice_coef": [0.15003353357315063, 0.10376835614442825, 0.08487600088119507, 0.07446406036615372, 0.06723373383283615, 0.06203838065266609], "val_precision": [1.0, 1.0, 1.0, 1.0, 1.0, 1.0], "val_recall": [0.07441860437393188, 0.041860464960336685, 0.0325581394135952, 0.027906976640224457, 0.027906976640224457, 0.027906976640224457]}