{"P": 0.3982026403690154, "R": 0.941755485893417, "IoU": 0.3886316007347805, "F-score": 0.5597331942167239, "tn": 666069253, "fp": 22701, "fn": 929, "tp": 15021}