{"loss": [0.7068209648132324, 0.7159951329231262, 0.764393150806427, 0.7184544205665588, 0.7534966468811035, 0.7200821042060852, 0.7104051113128662, 0.6924778819084167, 0.6777660846710205, 0.6934855580329895], "dice_coef": [0.0032828154508024454, 0.0032187600154429674, 0.0030895096715539694, 0.0032467476557940245, 0.0029116617515683174, 0.003444374306127429, 0.003159046871587634, 0.003120328998193145, 0.0031473636627197266, 0.0030577133875340223], "precision": [0.0015867716865614057, 0.0015445639146491885, 0.0014505797298625112, 0.0015671736327931285, 0.0014860399533063173, 0.0015459352871403098, 0.0014993431977927685, 0.0014978888211771846, 0.0015316364588215947, 0.0014977382961660624], "recall": [0.9753246903419495, 0.9727272987365723, 0.9837662577629089, 0.9876623153686523, 0.9753246903419495, 0.9850649237632751, 0.9746752977371216, 0.9714285731315613, 0.984415590763092, 0.9681817889213562], "val_loss": [0.000350427144439891, 0.00030084370519034564, 0.00024281216610688716, 0.00021804298739880323, 0.00021763338008895516, 0.0002487866731826216, 0.00030479455017484725, 0.00039336420013569295, 0.0005186579073779285, 0.0006760908290743828], "val_dice_coef": [0.39114871621131897, 0.4583464562892914, 0.5303693413734436, 0.5732529759407043, 0.5932777523994446, 0.5822703242301941, 0.5543633103370667, 0.5150833129882812, 0.4672224521636963, 0.41952428221702576], "val_precision": [0.8613861203193665, 0.8479999899864197, 0.846666693687439, 0.8142076730728149, 0.7402597665786743, 0.6521739363670349, 0.5840978622436523, 0.49873417615890503, 0.41478440165519714, 0.35172414779663086], "val_recall": [0.4046511650085449, 0.49302324652671814, 0.5906976461410522, 0.6930232644081116, 0.7953488230705261, 0.8372092843055725, 0.8883720636367798, 0.9162790775299072, 0.9395349025726318, 0.9488372206687927]}