{"loss": [0.687570333480835, 0.5145155787467957, 0.3856264650821686, 0.30078843235969543, 0.24625591933727264, 0.2106243520975113, 0.19155116379261017, 0.18097436428070068, 0.16937102377414703, 0.16429568827152252, 0.17666049301624298, 0.16773837804794312, 0.15373888611793518, 0.14293865859508514, 0.13545416295528412, 0.13214333355426788, 0.1270783394575119, 0.12305588275194168, 0.11938980221748352, 0.11489618569612503], "dice_coef": [0.0002771134895738214, 0.0003537457960192114, 0.00046729017049074173, 0.0004656088713090867, 0.0005540996207855642, 0.000523718714248389, 0.00056069390848279, 0.0005836376803927124, 0.0006230415892787278, 0.0006529851234517992, 0.000640770944301039, 0.0006556616281159222, 0.0006772342603653669, 0.0007014584261924028, 0.0007167526637203991, 0.0007309660431928933, 0.0007294711540453136, 0.0007453469443134964, 0.0007593031623400748, 0.0007663875003345311], "precision": [8.793143206276e-05, 0.00015125660866033286, 0.0009258486679755151, 0.00017601206491235644, 0.003379432251676917, 0.00011664527846733108, 0.0, 0.0, 0.0, 0.0017988552572205663, 0.000335626769810915, 0.0, 0.0, 0.0, 0.0, 0.0, 0.0, 0.0, 0.0, 0.0], "recall": [0.1435064971446991, 0.06688311696052551, 0.0720779225230217, 0.004545454401522875, 0.04220779240131378, 0.0006493506371043622, 0.0, 0.0, 0.0, 0.0071428571827709675, 0.002597402548417449, 0.0, 0.0, 0.0, 0.0, 0.0, 0.0, 0.0, 0.0, 0.0], "val_loss": [1.311972975730896, 0.7778191566467285, 7.617677211761475, 0.5365749597549438, 0.4630454480648041, 0.4355989992618561, 0.4885430335998535, 0.3724464476108551, 0.348198801279068, 0.3288884460926056, 0.921430766582489, 0.30382898449897766, 0.27770817279815674, 0.268109530210495, 0.2474387139081955, 0.2323785424232483, 0.21480317413806915, 0.19723904132843018, 0.19214320182800293, 0.17352394759655], "val_dice_coef": [0.00027527136262506247, 0.00027465037419460714, 0.00026967484154738486, 0.0002872972108889371, 0.00028282354469411075, 0.0002716874878387898, 0.0002461941621731967, 0.0002687318774405867, 0.0002710156259126961, 0.00026848234119825065, 0.0002581406442914158, 0.00029122995329089463, 0.00028199004009366035, 0.00028198756626807153, 0.0002882359258364886, 0.0002902461274061352, 0.00029093908960931003, 0.0003002734447363764, 0.0002928832545876503, 0.0003029262588825077], "val_precision": [0.0001383826311212033, 0.00014285928045865148, 0.00013571270392276347, 0.0006213753367774189, 0.0, 0.0, 2.9845579774701037e-05, 0.0, 0.0, 0.0, 0.0001021763528115116, 0.0, 0.0, 0.0, 0.0, 0.0, 0.0, 0.0, 0.0, 0.0], "val_recall": [0.9162790775299072, 0.6651162505149841, 0.9813953638076782, 0.013953488320112228, 0.0, 0.0, 0.023255813866853714, 0.0, 0.0, 0.0, 0.3069767355918884, 0.0, 0.0, 0.0, 0.0, 0.0, 0.0, 0.0, 0.0, 0.0]}