{"loss": [0.00028846910572610795, 0.0002908650494646281, 0.0002891019103117287, 0.0002754165616352111, 0.00027099112048745155, 0.00028186352574266493], "dice_coef": [0.6859774589538574, 0.6744406223297119, 0.7037599682807922, 0.6946267485618591, 0.6990146040916443, 0.6963605284690857], "precision": [0.7938213348388672, 0.7820091843605042, 0.813342809677124, 0.8065618872642517, 0.8210227489471436, 0.7967807054519653], "recall": [0.767532467842102, 0.7733766436576843, 0.7441558241844177, 0.7662337422370911, 0.7506493330001831, 0.7714285850524902], "val_loss": [0.0012237922055646777, 0.0013598277000710368, 0.0013774977996945381, 0.001374569721519947, 0.001373189385049045, 0.0013558719074353576], "val_dice_coef": [0.057216618210077286, 0.028314977884292603, 0.02297624759376049, 0.021506384015083313, 0.020991673693060875, 0.021555861458182335], "val_precision": [1.0, 1.0, 1.0, 1.0, 1.0, 1.0], "val_recall": [0.023255813866853714, 0.004651162773370743, 0.004651162773370743, 0.004651162773370743, 0.004651162773370743, 0.004651162773370743]}