{"P": 0.9802148846960168, "R": 0.4690282131661442, "IoU": 0.4646295261163903, "F-score": 0.6344669663302518, "tn": 666091803, "fp": 151, "fn": 8469, "tp": 7481}