{"P": 0.8993145131569249, "R": 0.7649529780564264, "IoU": 0.7046084546084546, "F-score": 0.8267100315072671, "tn": 666090588, "fp": 1366, "fn": 3749, "tp": 12201}