{"loss": [0.9055190086364746, 0.9867852330207825, 0.716289758682251, 1.0363425016403198, 0.8493302464485168, 0.9128639101982117], "dice_coef": [0.000845705159008503, 0.0009710172889754176, 0.0018211882561445236, 0.0019248115131631494, 0.0010210555046796799, 0.0011886956635862589], "precision": [0.00046579824993386865, 0.0005983121227473021, 0.0003695959167089313, 0.0007109991274774075, 0.0004864869697485119, 0.0006611516000702977], "recall": [1.0, 1.0, 1.0, 0.9897435903549194, 1.0, 1.0], "val_loss": [0.0001233841321663931, 0.00013979608775116503, 0.00015446505858562887, 0.00017590969218872488, 0.00019546275143511593, 0.00021983851911500096], "val_dice_coef": [0.7204611897468567, 0.6938697099685669, 0.6753484010696411, 0.6463115215301514, 0.6213085651397705, 0.5920222997665405], "val_precision": [0.5600000023841858, 0.5185185074806213, 0.5185185074806213, 0.48275861144065857, 0.46875, 0.4285714328289032], "val_recall": [0.9333333373069763, 0.9333333373069763, 0.9333333373069763, 0.9333333373069763, 1.0, 1.0]}