{"P": 0.16997809850058965, "R": 0.9488401253918495, "IoU": 0.16843440807559182, "F-score": 0.28830785350288135, "tn": 666018053, "fp": 73901, "fn": 816, "tp": 15134}