{"loss": [0.06562099605798721, 0.07145656645298004, 0.04741358757019043, 0.054997146129608154, 0.0455821231007576, 0.05498696491122246, 0.05689346045255661, 0.03879063203930855, 0.030023399740457535, 0.05012723058462143, 0.03366786241531372, 0.027345791459083557, 0.03359074145555496], "dice_coef": [0.005213367752730846, 0.005938246380537748, 0.0254234466701746, 0.04518155753612518, 0.00782796274870634, 0.011110875755548477, 0.005258806049823761, 0.01044966746121645, 0.010431739501655102, 0.013516262173652649, 0.013797318562865257, 0.01868170127272606, 0.014756334945559502], "precision": [0.002724666614085436, 0.0033192122355103493, 0.002317313104867935, 0.005038239061832428, 0.003432739758864045, 0.004365399945527315, 0.00216227350756526, 0.0059754690155386925, 0.0030379977542907, 0.003788571571931243, 0.005179344676434994, 0.006114961113780737, 0.004631185904145241], "recall": [1.0, 1.0, 1.0, 1.0, 1.0, 1.0, 1.0, 1.0, 1.0, 1.0, 1.0, 1.0, 1.0], "val_loss": [4.038738916278817e-05, 3.1717059755465016e-05, 2.9387387257884257e-05, 2.6107385565410368e-05, 2.488379686838016e-05, 2.3772678105160594e-05, 2.3454344045603648e-05, 2.3421676814905368e-05, 2.3939173843245953e-05, 2.4347868020413443e-05, 2.4722654416109435e-05, 2.515547748771496e-05, 2.5556002583471127e-05], "val_dice_coef": [0.818547785282135, 0.8346059322357178, 0.8381859660148621, 0.8432744145393372, 0.8454322814941406, 0.8481044173240662, 0.8490859270095825, 0.848970353603363, 0.8475139141082764, 0.8464952707290649, 0.8459457159042358, 0.8453958630561829, 0.8449968099594116], "val_precision": [0.7647058963775635, 0.8125, 0.8125, 0.8125, 0.8125, 0.8125, 0.8125, 0.800000011920929, 0.800000011920929, 0.800000011920929, 0.800000011920929, 0.800000011920929, 0.800000011920929], "val_recall": [0.8666666746139526, 0.8666666746139526, 0.8666666746139526, 0.8666666746139526, 0.8666666746139526, 0.8666666746139526, 0.8666666746139526, 0.800000011920929, 0.800000011920929, 0.800000011920929, 0.800000011920929, 0.800000011920929, 0.800000011920929]}