{"loss": [0.8275591135025024, 0.6959375143051147, 0.5822080373764038, 0.49428415298461914, 0.40169042348861694, 0.3724813461303711], "dice_coef": [0.00015273898316081613, 0.00022336412803269923, 0.00011633156100288033, 0.00032588723115622997, 0.0002160810836357996, 0.00032664643367752433], "precision": [6.8783869210165e-05, 0.00012816076923627406, 0.00012769008753821254, 0.0007067510159686208, 0.0019343621097505093, 0.005745783913880587], "recall": [0.9217391014099121, 0.9210526347160339, 0.8904109597206116, 0.8256410360336304, 0.7946428656578064, 0.7592592835426331], "val_loss": [0.7139647006988525, 0.7479851245880127, 0.946435809135437, 4.848319053649902, 7.34738826751709, 1.6150741577148438], "val_dice_coef": [7.250427734106779e-05, 9.777420928003266e-05, 8.69092473294586e-05, 6.0789410781580955e-05, 6.074743578210473e-05, 7.602854020660743e-05], "val_precision": [3.904724871972576e-05, 5.961464921711013e-05, 3.8300026062643155e-05, 2.8881700927740894e-05, 2.8783439120161347e-05, 3.486099012661725e-05], "val_recall": [0.8666666746139526, 1.0, 0.9333333373069763, 1.0, 1.0, 0.9333333373069763]}