{"P": 3.126237641623573e-05, "R": 0.8873981191222571, "IoU": 3.12622524026131e-05, "F-score": 6.252255020948069e-05, "tn": 213357417, "fp": 452734537, "fn": 1796, "tp": 14154}