{"loss": [0.006156913936138153, 0.0064596147276461124, 0.0034402250312268734, 0.0036618709564208984, 0.00250649219378829, 0.0020734635181725025], "dice_coef": [0.051884960383176804, 0.11271817982196808, 0.07131071388721466, 0.17114877700805664, 0.10699188709259033, 0.18407845497131348], "precision": [0.026565026491880417, 0.03288619592785835, 0.027947932481765747, 0.06820566952228546, 0.05851619690656662, 0.10595159977674484], "recall": [1.0, 1.0, 1.0, 1.0, 1.0, 1.0], "val_loss": [3.9814352930989116e-05, 5.575825343839824e-05, 6.95083654136397e-05, 9.438050619792193e-05, 0.00010495365131646395, 0.00011598413402680308], "val_dice_coef": [0.8673027753829956, 0.8745572566986084, 0.8220478892326355, 0.7671181559562683, 0.7494986653327942, 0.7266495227813721], "val_precision": [0.9230769276618958, 1.0, 1.0, 1.0, 1.0, 1.0], "val_recall": [0.800000011920929, 0.800000011920929, 0.6666666865348816, 0.6000000238418579, 0.6000000238418579, 0.5333333611488342]}