{"P": 0.8343780930386011, "R": 0.7927899686520377, "IoU": 0.6849945828819068, "F-score": 0.8130525638964797, "tn": 666089444, "fp": 2510, "fn": 3305, "tp": 12645}