{"loss": [0.2683681547641754, 0.2688382565975189, 0.2599058747291565, 0.24781616032123566, 0.2536027431488037, 0.2330775260925293], "dice_coef": [0.0008925303118303418, 0.000795337837189436, 0.0010470261331647635, 0.0008944192086346447, 0.0009873369708657265, 0.0012985398061573505], "precision": [0.0003698316286318004, 0.0003403910086490214, 0.00043875951087102294, 0.00036706883111037314, 0.0004037509788759053, 0.00045384393888525665], "recall": [1.0, 1.0, 1.0, 1.0, 1.0, 1.0], "val_loss": [0.00017606552864890546, 0.00021845968149136752, 0.00024986741482280195, 0.00030204543145373464, 0.0004172009357716888, 0.0006679586949758232], "val_dice_coef": [0.6639845967292786, 0.5950087308883667, 0.5104954838752747, 0.40371814370155334, 0.29187649488449097, 0.18714192509651184], "val_precision": [0.5263158082962036, 0.4716981053352356, 0.41551247239112854, 0.35885167121887207, 0.2970297038555145, 0.21961933374404907], "val_recall": [0.9933775067329407, 0.9933775067329407, 0.9933775067329407, 0.9933775067329407, 0.9933775067329407, 0.9933775067329407]}