{"P": 0.8816514401283213, "R": 0.792601880877743, "IoU": 0.7163823879412932, "F-score": 0.8347584931823434, "tn": 666090257, "fp": 1697, "fn": 3308, "tp": 12642}