{"P": 0.3684787169565015, "R": 0.9910344827586207, "IoU": 0.36725447828814384, "F-score": 0.5372145187601958, "tn": 666064863, "fp": 27091, "fn": 143, "tp": 15807}