{"loss": [0.005616778042167425, 0.003022917313501239, 0.0019325816538184881, 0.0014844274846836925, 0.0010664068395271897, 0.0008987209876067936], "dice_coef": [0.028869125992059708, 0.04487325996160507, 0.08433868736028671, 0.09753920137882233, 0.13958941400051117, 0.1759069859981537], "precision": [0.034145504236221313, 0.07949609309434891, 0.15577059984207153, 0.18292683362960815, 0.23587514460086823, 0.29619312286376953], "recall": [0.9983277320861816, 1.0, 0.998487114906311, 1.0, 0.9983277320861816, 0.9984350800514221], "val_loss": [5.4246036597760394e-05, 6.5732812799979e-05, 6.792864587623626e-05, 6.74944749334827e-05, 6.391965871443972e-05, 5.883935955353081e-05], "val_dice_coef": [0.8331513404846191, 0.7975404858589172, 0.7884676456451416, 0.7878319025039673, 0.7969686388969421, 0.8099807500839233], "val_precision": [0.93388432264328, 0.9541284441947937, 0.9519230723381042, 0.9519230723381042, 0.9541284441947937, 0.947826087474823], "val_recall": [0.748344361782074, 0.6887417435646057, 0.6556291580200195, 0.6556291580200195, 0.6887417435646057, 0.7218543291091919]}