{"loss": [0.5631346106529236, 0.33382484316825867, 0.21247421205043793, 0.15854108333587646, 0.13327327370643616, 0.12105846405029297, 0.11113737523555756, 0.11462929099798203, 0.10276703536510468, 0.09458709508180618, 0.08858823776245117, 0.08389923721551895, 0.08013811707496643, 0.07589348405599594, 0.07291559875011444, 0.06951069831848145, 0.06694522500038147, 0.06497956812381744, 0.06243593245744705, 0.0593133307993412], "dice_coef": [0.0001423313224222511, 0.0001263519807253033, 0.00017981490236707032, 0.0001794558047549799, 0.00020668406796175987, 0.00022587548301089555, 0.00021113773982506245, 0.00021590274991467595, 0.00022041480406187475, 0.00018433066725265235, 0.00023581477580592036, 0.00022923134383745492, 0.00021220782946329564, 0.00020315371511969715, 0.0002556644903961569, 0.00020868179854005575, 0.00020866685372311622, 0.0002000412787310779, 0.00025936178280971944, 0.00017719878815114498], "precision": [0.0001372638944303617, 0.00044407215318642557, 0.00043897086288779974, 5.832604438182898e-05, 0.0, 0.0, 0.0, 0.0, 0.00013500743079930544, 0.0005645464989356697, 0.0, 0.0, 0.000359453639248386, 0.0, 0.0, 0.0, 0.0, 0.0, 0.0, 0.0], "recall": [0.5016722679138184, 0.16029143333435059, 0.02723146788775921, 0.0018018018454313278, 0.0, 0.0, 0.0, 0.0, 0.001623376621864736, 0.006085192784667015, 0.0, 0.0, 0.0017482517287135124, 0.0, 0.0, 0.0, 0.0, 0.0, 0.0, 0.0], "val_loss": [8.420166969299316, 1.7810293436050415, 1.6775604486465454, 10.940481185913086, 0.3312608003616333, 0.27700743079185486, 0.2047509253025055, 0.4203517436981201, 0.23799145221710205, 0.16648706793785095, 0.1477874517440796, 0.13206696510314941, 0.11726925522089005, 0.10747840255498886, 0.0953117311000824, 0.09042935073375702, 0.08285581320524216, 0.08339150249958038, 0.07279634475708008, 0.06924169510602951], "val_dice_coef": [0.00012218838674016297, 0.00012167137901997194, 0.00015125106438063085, 0.0001278230338357389, 0.0001491015136707574, 0.00012785095896106213, 0.00014782186190132052, 0.000135345064336434, 0.00013842270709574223, 0.000152440246893093, 0.00015871014329604805, 0.0001644588483031839, 0.00017086118168663234, 0.0001782810577424243, 0.00018380403344053775, 0.00018751228344626725, 0.0001978439249796793, 0.00020659409346990287, 0.00021214436856098473, 0.00021702742378693074], "val_precision": [5.8489542425377294e-05, 5.467278606374748e-05, 8.334216545335948e-05, 6.360587576637045e-05, 0.0001655530504649505, 0.0, 0.0, 5.6162291002692655e-05, 0.0, 0.0, 0.0, 0.0, 0.0, 0.0, 0.0, 0.0, 0.0, 0.0, 0.0, 0.0], "val_recall": [0.9867549538612366, 0.6357616186141968, 0.9006622433662415, 0.9867549538612366, 0.16556291282176971, 0.0, 0.0, 0.1589404046535492, 0.0, 0.0, 0.0, 0.0, 0.0, 0.0, 0.0, 0.0, 0.0, 0.0, 0.0, 0.0]}