{"P": 0.94748114349567, "R": 0.6379310344827587, "IoU": 0.6161438779217634, "F-score": 0.7624864176252388, "tn": 666091390, "fp": 564, "fn": 5775, "tp": 10175}