{"loss": [0.0010468135587871075, 0.0005702779744751751, 0.0004470174899324775, 0.0003576724848244339, 0.00028569629648700356, 0.00024741076049394906], "dice_coef": [0.2090354859828949, 0.29872751235961914, 0.40689578652381897, 0.4267594516277313, 0.4795514941215515, 0.5310869216918945], "precision": [0.14160549640655518, 0.23766233026981354, 0.3202519416809082, 0.3359564244747162, 0.3780874013900757, 0.431174099445343], "recall": [1.0, 1.0, 1.0, 1.0, 0.9983277320861816, 1.0], "val_loss": [0.00030919379787519574, 0.0004008823889307678, 0.0004150095337536186, 0.0004027821123600006, 0.0003735999925993383, 0.00033656679443083704], "val_dice_coef": [0.5966697931289673, 0.5199702382087708, 0.4961581826210022, 0.5076078772544861, 0.5349258780479431, 0.5604127049446106], "val_precision": [0.9850746393203735, 1.0, 1.0, 1.0, 1.0, 1.0], "val_recall": [0.4370861053466797, 0.3642384111881256, 0.3509933650493622, 0.3576158881187439, 0.3907284736633301, 0.41721853613853455]}