{"loss": [0.1585456281900406, 0.1982879340648651, 0.146283358335495, 0.1463581770658493, 0.13496196269989014, 0.1127631887793541], "dice_coef": [0.0007232439238578081, 0.0028889658860862255, 0.002867243718355894, 0.0014316614251583815, 0.002611266216263175, 0.0024882806465029716], "precision": [0.00040972919669002295, 0.0015883052255958319, 0.0012713889591395855, 0.000714048626832664, 0.001324516604654491, 0.0014158913400024176], "recall": [1.0, 0.9952830076217651, 1.0, 1.0, 1.0, 1.0], "val_loss": [0.00016838796727824956, 0.00018714964971877635, 0.00019411489483900368, 0.0001974001934286207, 0.00020179085549898446, 0.00019986664119642228], "val_dice_coef": [0.8656599521636963, 0.8580080270767212, 0.8550490736961365, 0.8522539734840393, 0.8481459617614746, 0.8466393351554871], "val_precision": [0.9624999761581421, 0.9624999761581421, 0.9624999761581421, 0.9624999761581421, 0.9624999761581421, 0.9620253443717957], "val_recall": [0.8191489577293396, 0.8191489577293396, 0.8191489577293396, 0.8191489577293396, 0.8191489577293396, 0.8085106611251831]}