{"loss": [0.22155922651290894, 0.2805345952510834, 0.24547570943832397, 0.21912923455238342, 0.25296154618263245, 0.2170233279466629, 0.25312504172325134, 0.22175046801567078, 0.2822417616844177, 0.1780114769935608], "dice_coef": [0.00045470392797142267, 0.002058835234493017, 0.0016855556750670075, 0.0009543963824398816, 0.0015279651852324605, 0.0013449846301227808, 0.0016853102715685964, 0.001798546756617725, 0.0011091547785326838, 0.0015076514100655913], "precision": [0.00027951112133450806, 0.0011370506836101413, 0.0008066599839366972, 0.00046996105811558664, 0.0007768640061840415, 0.0008171808440238237, 0.0007996201748028398, 0.0009351944900117815, 0.0006369642214849591, 0.0008620832813903689], "recall": [0.9090909361839294, 0.9669811129570007, 0.9624060392379761, 0.9436619877815247, 0.9696969985961914, 0.9579831957817078, 0.9411764740943909, 0.9926470518112183, 0.9658119678497314, 0.9285714030265808], "val_loss": [0.00013214339560363442, 0.00011207371426280588, 9.859140845946968e-05, 9.110724204219878e-05, 8.813678869046271e-05, 8.865796553436667e-05, 9.120984759647399e-05, 9.591275011189282e-05, 0.00010286259930580854, 0.0001117840874940157], "val_dice_coef": [0.8892805576324463, 0.8991789221763611, 0.9061752557754517, 0.910123348236084, 0.9117459058761597, 0.9122511148452759, 0.9116599559783936, 0.9087989926338196, 0.9027900695800781, 0.8941100239753723], "val_precision": [0.9529411792755127, 0.9550561904907227, 0.9347826242446899, 0.9270833134651184, 0.9175257682800293, 0.8989899158477783, 0.9019607901573181, 0.8846153616905212, 0.8598130941390991, 0.8518518805503845], "val_recall": [0.8617021441459656, 0.9042553305625916, 0.914893627166748, 0.9468085169792175, 0.9468085169792175, 0.9468085169792175, 0.978723406791687, 0.978723406791687, 0.978723406791687, 0.978723406791687]}