{"P": 0.7000480307396734, "R": 0.9137931034482759, "IoU": 0.6566794323045732, "F-score": 0.7927658417187926, "tn": 666085709, "fp": 6245, "fn": 1375, "tp": 14575}