{"P": 0.8263864358883787, "R": 0.8800626959247649, "IoU": 0.7427377109899995, "F-score": 0.8523803740587806, "tn": 666089005, "fp": 2949, "fn": 1913, "tp": 14037}