{"P": 2.4447664987870502e-05, "R": 0.822884012539185, "IoU": 2.4447536343251175e-05, "F-score": 4.8893877351658827e-05, "tn": 129243992, "fp": 536847962, "fn": 2825, "tp": 13125}