{"loss": [0.49507614970207214, 0.43979376554489136, 0.3958710730075836, 0.35628560185432434, 0.3292006254196167, 0.29968780279159546, 0.275363028049469], "dice_coef": [5.1411494496278465e-05, 0.00020386662799865007, 0.00010342325549572706, 6.518869486171752e-05, 9.88238025456667e-05, 8.05157542345114e-05, 0.00010095143807120621], "precision": [5.073336433270015e-05, 0.0003214810567442328, 0.0002532126381993294, 0.00020494953787419945, 0.00032007170375436544, 0.00030030030757188797, 0.0003062787000089884], "recall": [0.4318181872367859, 0.2971698045730591, 0.18045112490653992, 0.11267605423927307, 0.07575757801532745, 0.042016807943582535, 0.022058824077248573], "val_loss": [0.8076327443122864, 0.7984235286712646, 0.8146309852600098, 0.9249956011772156, 1.1243841648101807, 1.2845211029052734, 1.2214446067810059], "val_dice_coef": [0.0003687954449560493, 0.000361486105248332, 0.00036027675378136337, 0.0003695891937240958, 0.00038013470475561917, 0.0003829696506727487, 0.00034214433981105685], "val_precision": [0.00016914951265789568, 0.00017007887072395533, 0.00017845611728262156, 0.00018452454241923988, 0.0001940094807650894, 0.0002167688508052379, 0.00018266632105223835], "val_recall": [0.9042553305625916, 0.8510638475418091, 0.8085106611251831, 0.7021276354789734, 0.6595744490623474, 0.7127659320831299, 0.5744680762290955]}