{"loss": [0.00010410664253868163, 0.00010527309495955706, 7.60848488425836e-05, 5.295574737829156e-05, 8.850189624354243e-05, 5.525475353351794e-05], "dice_coef": [0.40800949931144714, 0.6818194389343262, 0.6673153042793274, 0.6982975006103516, 0.6776155829429626, 0.7287610173225403], "precision": [0.38679245114326477, 0.7429577708244324, 0.717391312122345, 0.6513761281967163, 0.6894736886024475, 0.7116564512252808], "recall": [0.9318181872367859, 0.9952830076217651, 0.9924812316894531, 1.0, 0.9924242496490479, 0.9747899174690247], "val_loss": [0.0007957897614687681, 0.0011361691867932677, 0.001313311979174614, 0.001428240560926497, 0.0015121366595849395, 0.0015639937482774258], "val_dice_coef": [0.7047394514083862, 0.6188717484474182, 0.5698232650756836, 0.526444673538208, 0.4826134145259857, 0.44462522864341736], "val_precision": [0.9636363387107849, 0.9772727489471436, 0.9756097793579102, 0.9729729890823364, 1.0, 1.0], "val_recall": [0.563829779624939, 0.457446813583374, 0.42553192377090454, 0.38297873735427856, 0.3297872245311737, 0.2978723347187042]}