{"P": 0.9571118349619978, "R": 0.6631974921630094, "IoU": 0.6440574768631271, "F-score": 0.7834975187023182, "tn": 666091480, "fp": 474, "fn": 5372, "tp": 10578}