{"P": 0.834444179957153, "R": 0.8791222570532915, "IoU": 0.7485586162716208, "F-score": 0.8562007693716798, "tn": 666089172, "fp": 2782, "fn": 1928, "tp": 14022}