{"loss": [0.15110290050506592, 0.15994130074977875, 0.10673272609710693, 0.1446456015110016, 0.10766293853521347, 0.10672618448734283], "dice_coef": [0.0015033421805128455, 0.00160873809363693, 0.002987286541610956, 0.004064631648361683, 0.0024279991630464792, 0.002765974495559931], "precision": [0.0008123881998471916, 0.0009813221404328942, 0.0007186130969785154, 0.0013630298199132085, 0.0010496884351596236, 0.0014901856193318963], "recall": [0.991304337978363, 0.9868420958518982, 0.9863013625144958, 0.9794871807098389, 0.9821428656578064, 0.9691358208656311], "val_loss": [2.767616206256207e-05, 3.0316170523292385e-05, 3.252729220548645e-05, 3.361344715813175e-05, 3.4472519473638386e-05, 3.596003443817608e-05], "val_dice_coef": [0.8279544711112976, 0.8185402154922485, 0.823179304599762, 0.8253565430641174, 0.8276896476745605, 0.8285312056541443], "val_precision": [0.7777777910232544, 0.8125, 0.8125, 0.8125, 0.8125, 0.8125], "val_recall": [0.9333333373069763, 0.8666666746139526, 0.8666666746139526, 0.8666666746139526, 0.8666666746139526, 0.8666666746139526]}