{"loss": [0.2554793953895569, 0.23502162098884583, 0.19998373091220856, 0.30543529987335205, 0.23418262600898743, 0.2421211302280426], "dice_coef": [0.0008705199579708278, 0.0009825790766626596, 0.0009826242458075285, 0.0013008523965254426, 0.0010344500187784433, 0.0010253002401441336], "precision": [0.00043008901411667466, 0.0006006832700222731, 0.0003382192808203399, 0.0006093159317970276, 0.00048296566819772124, 0.0005855771014466882], "recall": [0.95652174949646, 0.9473684430122375, 0.931506872177124, 0.9435897469520569, 0.9910714030265808, 0.9382715821266174], "val_loss": [2.79387768387096e-05, 2.848713666026015e-05, 2.9157105018384755e-05, 3.0151295504765585e-05, 3.120796463917941e-05, 3.233501047361642e-05], "val_dice_coef": [0.817524254322052, 0.8124733567237854, 0.8070797920227051, 0.7988482117652893, 0.791517972946167, 0.7839871048927307], "val_precision": [0.7777777910232544, 0.7777777910232544, 0.7777777910232544, 0.7777777910232544, 0.7368420958518982, 0.7368420958518982], "val_recall": [0.9333333373069763, 0.9333333373069763, 0.9333333373069763, 0.9333333373069763, 0.9333333373069763, 0.9333333373069763]}