{"P": 0.8016887266088544, "R": 0.8810031347962383, "IoU": 0.7233604447647483, "F-score": 0.8394766712467889, "tn": 666088478, "fp": 3476, "fn": 1898, "tp": 14052}