{"loss": [0.7880718111991882, 0.6978222131729126, 0.6123214960098267, 0.5002155900001526, 0.4105375409126282, 0.3469739854335785, 0.3045997619628906, 0.2695108652114868], "dice_coef": [0.0001444252411602065, 0.00021285815455485135, 0.0001086322808987461, 0.0003246230771765113, 0.00020250696979928762, 0.0003422409645281732, 0.0002154728426830843, 0.0004906459944322705], "precision": [7.230673509184271e-05, 0.00012005705502815545, 9.047176718013361e-05, 0.00048184487968683243, 0.0009842980653047562, 0.0045653339475393295, 0.0020703934133052826, 0.011298994533717632], "recall": [0.8695651888847351, 0.8815789222717285, 0.8767123222351074, 0.8051282167434692, 0.75, 0.7345678806304932, 0.773809552192688, 0.847953200340271], "val_loss": [0.679648756980896, 0.6793425679206848, 0.6629658341407776, 1.2892987728118896, 4.569952487945557, 2.1326687335968018, 10.28845500946045, 5.885740280151367], "val_dice_coef": [7.272250513779e-05, 8.125755994115025e-05, 9.566697553964332e-05, 7.458207983290777e-05, 6.148898683022708e-05, 7.469630509149283e-05, 6.0150701756356284e-05, 6.102482439018786e-05], "val_precision": [0.00011150853970320895, 0.00011743094364646822, 0.00024385994765907526, 3.0166336728143506e-05, 2.8984499294892885e-05, 3.6544010072248057e-05, 2.8830796509282663e-05, 2.9219603675301187e-05], "val_recall": [0.8666666746139526, 0.9333333373069763, 0.9333333373069763, 1.0, 1.0, 1.0, 1.0, 1.0]}