{"P": 0.0001221820934548669, "R": 0.9573667711598746, "IoU": 0.00012218142866768546, "F-score": 0.0002443330043798251, "tn": 541129827, "fp": 124962127, "fn": 680, "tp": 15270}