{"loss": [0.0006541033508256078, 0.0008268350502476096, 0.0003026866470463574, 0.0003191707073710859, 0.0002677609445527196, 0.0002647974179126322], "dice_coef": [0.26112568378448486, 0.34752005338668823, 0.30373597145080566, 0.44377556443214417, 0.3461412787437439, 0.4634365439414978], "precision": [0.1497395783662796, 0.14617618918418884, 0.2044817954301834, 0.4330357015132904, 0.36245954036712646, 0.39024388790130615], "recall": [1.0, 0.9934210777282715, 1.0, 0.9948717951774597, 1.0, 0.9876543283462524], "val_loss": [6.746106373611838e-05, 0.0001016752066789195, 0.00012261784286238253, 0.00015104221529327333, 0.00017047705478034914, 0.00019464122306089848], "val_dice_coef": [0.856171190738678, 0.750645637512207, 0.699805736541748, 0.6594188809394836, 0.6255974173545837, 0.5804089903831482], "val_precision": [1.0, 1.0, 1.0, 1.0, 1.0, 1.0], "val_recall": [0.800000011920929, 0.6000000238418579, 0.5333333611488342, 0.46666666865348816, 0.46666666865348816, 0.4000000059604645]}