{"P": 0.9640966406776398, "R": 0.627962382445141, "IoU": 0.6136126937450224, "F-score": 0.7605451991343634, "tn": 666091581, "fp": 373, "fn": 5934, "tp": 10016}