{"loss": [0.28096553683280945, 0.2600829601287842, 0.2491365373134613, 0.2551047205924988, 0.24111072719097137, 0.23399436473846436], "dice_coef": [0.0009057719726115465, 0.0008420307422056794, 0.0010775391710922122, 0.0009394748485647142, 0.0010943077504634857, 0.0012226590188220143], "precision": [0.00045469184988178313, 0.0004443314392119646, 0.0005795242032036185, 0.0004653519717976451, 0.0005455027567222714, 0.0005606222548522055], "recall": [0.8829431533813477, 0.8943533897399902, 0.9046898484230042, 0.8918918967247009, 0.9080267548561096, 0.8591549396514893], "val_loss": [4.61639829154592e-05, 6.357552774716169e-05, 8.85236804606393e-05, 0.00012283555406611413, 0.00017703225603327155, 0.0002932755451183766], "val_dice_coef": [0.8629642724990845, 0.8300943374633789, 0.7544933557510376, 0.6583431363105774, 0.5366324186325073, 0.381675124168396], "val_precision": [0.8443113565444946, 0.7814207673072815, 0.6824644804000854, 0.6160337328910828, 0.5396226644515991, 0.4482758641242981], "val_recall": [0.9337748289108276, 0.9470198750495911, 0.9536423683166504, 0.9668874144554138, 0.9470198750495911, 0.9470198750495911]}