{"P": 0.7543303760033798, "R": 0.8955485893416928, "IoU": 0.6933307445879041, "F-score": 0.818895832138967, "tn": 666087302, "fp": 4652, "fn": 1666, "tp": 14284}