{"P": 0.847603989297008, "R": 0.8738557993730407, "IoU": 0.7552015604681405, "F-score": 0.8605297277273569, "tn": 666089448, "fp": 2506, "fn": 2012, "tp": 13938}