{"loss": [0.09512830525636673, 0.04907986521720886, 0.024759260937571526, 0.015118147246539593, 0.008406932465732098, 0.005987781099975109], "dice_coef": [0.0025473081041127443, 0.0036984500475227833, 0.008495941758155823, 0.013399504125118256, 0.023118188604712486, 0.03262152895331383], "precision": [0.0012801142875105143, 0.002133081667125225, 0.00513693131506443, 0.007194534409791231, 0.014742577448487282, 0.022349698469042778], "recall": [0.9648829698562622, 0.9635701179504395, 0.9682299494743347, 0.9657657742500305, 0.9682274460792542, 0.9389671087265015], "val_loss": [5.451518882182427e-05, 6.726810534019023e-05, 7.525644468842074e-05, 8.018270455067977e-05, 8.066756709013134e-05, 7.893345173215494e-05], "val_dice_coef": [0.8452340960502625, 0.8436869382858276, 0.8371323347091675, 0.8252356648445129, 0.8133434057235718, 0.8047796487808228], "val_precision": [0.9124087691307068, 0.9104477763175964, 0.9117646813392639, 0.9104477763175964, 0.9104477763175964, 0.8985507488250732], "val_recall": [0.8278145790100098, 0.807947039604187, 0.8211920261383057, 0.807947039604187, 0.807947039604187, 0.8211920261383057]}