{"loss": [0.3723175525665283, 0.1983397752046585, 0.1161641925573349, 0.09516999870538712, 0.07958618551492691, 0.06800621747970581, 0.06332266330718994, 0.058248430490493774, 0.053482912480831146, 0.04969657212495804, 0.0476229190826416, 0.045058585703372955, 0.04324427247047424, 0.04061388224363327, 0.03910086676478386, 0.03728349879384041, 0.036054402589797974, 0.035200055688619614, 0.0339500792324543, 0.032277919352054596], "dice_coef": [0.0001188601236208342, 0.00010945002577500418, 0.00013260955165605992, 0.00012949846859555691, 0.00016131992742884904, 0.00017784236115403473, 0.0001606157748028636, 0.0001817911397665739, 0.00018316424393560737, 0.0001582265249453485, 0.0002039427636191249, 0.00019693700596690178, 0.00018897111294791102, 0.00017744555952958763, 0.00022176436323206872, 0.00019444084318820387, 0.00019411010725889355, 0.000190177044714801, 0.000241005327552557, 0.00018496077973395586], "precision": [0.00018790581088978797, 0.0004271952493581921, 0.0, 0.0, 0.0, 0.0, 0.0, 0.0, 0.0, 0.0, 0.0, 0.0, 0.0, 0.0, 0.0, 0.0, 0.0, 0.0, 0.0, 0.0], "recall": [0.21739129722118378, 0.03642987087368965, 0.0, 0.0, 0.0, 0.0, 0.0, 0.0, 0.0, 0.0, 0.0, 0.0, 0.0, 0.0, 0.0, 0.0, 0.0, 0.0, 0.0, 0.0], "val_loss": [0.6973356008529663, 1.3859888315200806, 0.35512620210647583, 0.5538867712020874, 0.18758746981620789, 0.16558043658733368, 0.1469511091709137, 0.1332399994134903, 0.11395955085754395, 0.09492824226617813, 0.0826517716050148, 0.07048571109771729, 0.062484391033649445, 0.05668885260820389, 0.05175361782312393, 0.046957094222307205, 0.04315660521388054, 0.052447665482759476, 0.043338749557733536, 0.03620465099811554], "val_dice_coef": [0.00011544620792847127, 0.0001285403996007517, 0.00011663461191346869, 0.00010853780258912593, 0.00013825952191837132, 0.00014228918007574975, 0.00014695871504954994, 0.00014458266377914697, 0.00014799430209677666, 0.0001527138811070472, 0.0001600335817784071, 0.00016995021724142134, 0.00017911179747898132, 0.0001847026142058894, 0.00019165575213264674, 0.00019772099039983004, 0.00020286891958676279, 0.00019878751481883228, 0.00020577874965965748, 0.00021472964726854116], "val_precision": [7.327630737563595e-05, 6.712546019116417e-05, 0.0, 2.4575836505391635e-05, 0.0, 0.0, 0.0, 0.0, 0.0, 0.0, 0.0, 0.0, 0.0, 0.0, 0.0, 0.0, 0.0, 0.0, 0.0, 0.0], "val_recall": [0.2715231776237488, 0.887417197227478, 0.0, 0.05298013240098953, 0.0, 0.0, 0.0, 0.0, 0.0, 0.0, 0.0, 0.0, 0.0, 0.0, 0.0, 0.0, 0.0, 0.0, 0.0, 0.0]}