{"loss": [0.00012773938942700624, 9.846915781963617e-05, 7.352306420216337e-05, 6.231433508219197e-05, 5.2229810535209253e-05, 5.6386914366157725e-05], "dice_coef": [0.686066746711731, 0.7020677924156189, 0.7680613398551941, 0.7845679521560669, 0.8035770654678345, 0.7944169044494629], "precision": [0.574404776096344, 0.6155660152435303, 0.7256944179534912, 0.7427745461463928, 0.8057553768157959, 0.8212209343910217], "recall": [0.9682274460792542, 0.9508196711540222, 0.9485628008842468, 0.9261261224746704, 0.9364548325538635, 0.8841940760612488], "val_loss": [0.000527041032910347, 0.0006056356360204518, 0.0006286459392867982, 0.0006292767357081175, 0.0006165536469779909, 0.0005926356534473598], "val_dice_coef": [0.39859363436698914, 0.2762496769428253, 0.2348838597536087, 0.22980420291423798, 0.24335262179374695, 0.27094537019729614], "val_precision": [1.0, 1.0, 1.0, 1.0, 1.0, 1.0], "val_recall": [0.2715231776237488, 0.1589404046535492, 0.11258278042078018, 0.11258278042078018, 0.1192052960395813, 0.15231788158416748]}