{"P": 0.9807360552041403, "R": 0.4277115987460815, "IoU": 0.4241482218353643, "F-score": 0.5956517942897058, "tn": 666091820, "fp": 134, "fn": 9128, "tp": 6822}