{"P": 0.8450556372034432, "R": 0.7570532915360502, "IoU": 0.6647764809513323, "F-score": 0.7986375210820464, "tn": 666089740, "fp": 2214, "fn": 3875, "tp": 12075}