{"P": 0.34548550471533357, "R": 0.9922257053291536, "IoU": 0.3445528172080467, "F-score": 0.5125165970400596, "tn": 666061972, "fp": 29982, "fn": 124, "tp": 15826}