{"loss": [0.0068465038202703, 0.00518473656848073, 0.004072520416229963, 0.003100199392065406, 0.0027354108169674873, 0.0023782935459166765, 0.001813070266507566, 0.0014825972029939294, 0.0013325456529855728, 0.0014319168403744698, 0.0012072764802724123, 0.0010925227543339133, 0.0010376264108344913, 0.0009110179380513728, 0.0009630562271922827, 0.0008347262628376484, 0.0007877681055106223, 0.0008386102854274213, 0.0006353019853122532, 0.0006385343731380999], "dice_coef": [0.10627669095993042, 0.12238790839910507, 0.17889367043972015, 0.21269141137599945, 0.2313252091407776, 0.27107101678848267, 0.2847801148891449, 0.3354151248931885, 0.33282244205474854, 0.35582372546195984, 0.35948050022125244, 0.3754722774028778, 0.39921414852142334, 0.4113035500049591, 0.3991864025592804, 0.43908068537712097, 0.458842009305954, 0.4705243408679962, 0.4961385726928711, 0.5106262564659119], "precision": [0.11010699719190598, 0.15755559504032135, 0.19285258650779724, 0.2496258169412613, 0.2755366265773773, 0.3055209517478943, 0.36146652698516846, 0.4058774709701538, 0.43061771988868713, 0.41257143020629883, 0.4605516493320465, 0.5058656334877014, 0.4878048896789551, 0.5432294011116028, 0.4993041157722473, 0.5296338200569153, 0.5519999861717224, 0.53437739610672, 0.578323483467102, 0.5864118933677673], "recall": [0.9889610409736633, 0.984415590763092, 0.981168806552887, 0.9746752977371216, 0.96688312292099, 0.9558441638946533, 0.9538961052894592, 0.9506493210792542, 0.9370129704475403, 0.9376623630523682, 0.932467520236969, 0.9240259528160095, 0.9220778942108154, 0.8935064673423767, 0.9318181872367859, 0.9110389351844788, 0.8961039185523987, 0.9084415435791016, 0.8870129585266113, 0.8967532515525818], "val_loss": [0.000930136302486062, 0.0009597240132279694, 0.0009331210167147219, 0.0008899596869014204, 0.0008439333760179579, 0.0008030246826820076, 0.0007591968751512468, 0.0007175386417657137, 0.0006786086596548557, 0.0006464782054536045, 0.0006185371312312782, 0.0005918003153055906, 0.0005633730906993151, 0.0005339971394278109, 0.000508320692460984, 0.0004846768279094249, 0.0004579096275847405, 0.00043588760308921337, 0.00041292383684776723, 0.0003916084242518991], "val_dice_coef": [0.2681210935115814, 0.22437970340251923, 0.21115392446517944, 0.20824073255062103, 0.21127240359783173, 0.2168980985879898, 0.22744260728359222, 0.2412184476852417, 0.2571035921573639, 0.27311205863952637, 0.2883829176425934, 0.30387958884239197, 0.3218832314014435, 0.34209442138671875, 0.36059126257896423, 0.379073828458786, 0.3994908034801483, 0.4176349341869354, 0.4371391236782074, 0.4559570848941803], "val_precision": [0.9375, 0.9166666865348816, 0.9523809552192688, 0.9523809552192688, 0.9523809552192688, 0.9523809552192688, 0.9545454382896423, 0.95652174949646, 0.9230769276618958, 0.931034505367279, 0.9333333373069763, 0.9090909361839294, 0.9210526347160339, 0.9318181872367859, 0.9375, 0.9411764740943909, 0.9433962106704712, 0.9482758641242981, 0.920634925365448, 0.9117646813392639], "val_recall": [0.13953489065170288, 0.10232558101415634, 0.09302325546741486, 0.09302325546741486, 0.09302325546741486, 0.09302325546741486, 0.0976744219660759, 0.10232558101415634, 0.11162790656089783, 0.12558139860630035, 0.1302325576543808, 0.13953489065170288, 0.1627907007932663, 0.19069766998291016, 0.20930232107639313, 0.22325581312179565, 0.23255814611911774, 0.25581395626068115, 0.2697674334049225, 0.28837209939956665]}