{"loss": [0.3612535893917084, 0.3539718687534332, 0.3537873923778534, 0.33469781279563904, 0.34011808037757874, 0.3379056751728058, 0.3250208795070648], "dice_coef": [0.0029555049259215593, 0.0029748387169092894, 0.0029750929679721594, 0.003211407922208309, 0.0030702867079526186, 0.0032981771510094404, 0.003414142644032836], "precision": [0.00135016068816185, 0.0013686151942238212, 0.0013822456821799278, 0.001442129840143025, 0.001420888351276517, 0.0014390088617801666, 0.0014672423712909222], "recall": [1.0, 1.0, 1.0, 1.0, 1.0, 1.0, 1.0], "val_loss": [0.00019575127225834876, 0.00016667366435285658, 0.00017788955301512033, 0.00021987693617120385, 0.00028425970231182873, 0.00037087281816639006, 0.000482564908452332], "val_dice_coef": [0.7169343829154968, 0.7547047734260559, 0.7477015852928162, 0.7121867537498474, 0.6649911403656006, 0.6076087355613708, 0.5478450059890747], "val_precision": [0.8409090638160706, 0.7911111116409302, 0.7441860437393188, 0.6632996797561646, 0.586705207824707, 0.518796980381012, 0.449462354183197], "val_recall": [0.6883720755577087, 0.8279069662094116, 0.8930232524871826, 0.9162790775299072, 0.9441860318183899, 0.9627906680107117, 0.9720930457115173]}