{"P": 2.4462974490999716e-05, "R": 0.027899686520376176, "IoU": 2.4442141085421108e-05, "F-score": 4.8883087363524183e-05, "tn": 647901643, "fp": 18190311, "fn": 15505, "tp": 445}