{"loss": [0.5821415781974792, 0.43138551712036133, 0.32642272114753723, 0.2413119077682495, 0.18520112335681915, 0.15338008105754852, 0.13294090330600739, 0.12068259716033936, 0.12192275375127792, 0.12333429604768753], "dice_coef": [0.000584250723477453, 0.0005393446772359312, 0.0006093736737966537, 0.0005361605435609818, 0.0005808008136227727, 0.0005865686689503491, 0.0006179293268360198, 0.0006222460069693625, 0.0006138784810900688, 0.0006202692748047411], "precision": [0.00046186274266801775, 0.0011447734432294965, 0.0026015513576567173, 0.000674683484248817, 0.0016501650679856539, 0.0, 0.0, 0.0, 0.0, 0.00015777848602738231], "recall": [0.47792208194732666, 0.2487013041973114, 0.1396103948354721, 0.01103896088898182, 0.012987012974917889, 0.0, 0.0, 0.0, 0.0, 0.0006493506371043622], "val_loss": [1.1545233726501465, 1.0968149900436401, 7.090760707855225, 3.5270187854766846, 0.493367075920105, 3.8649120330810547, 0.9052085876464844, 0.5035303235054016, 1.0383092164993286, 2.3118817806243896], "val_dice_coef": [0.0002900016261264682, 0.00031434581615030766, 0.0002721446508076042, 0.0002865005808416754, 0.00028099535848014057, 0.00026878921198658645, 0.00032218810520134866, 0.00041483723907731473, 0.0003047980135306716, 0.0002574247482698411], "val_precision": [0.00013999243674334139, 0.0001511587033746764, 0.00013555996702052653, 0.0001376774162054062, 0.0001783116749720648, 0.00013332217349670827, 0.0001526176929473877, 0.00040590096614323556, 0.00015635331510566175, 0.0001301314332522452], "val_recall": [0.9767441749572754, 0.9162790775299072, 0.9488372206687927, 0.9023255705833435, 0.08837209641933441, 0.8744186162948608, 0.36279070377349854, 0.2697674334049225, 0.5488371849060059, 0.7255814075469971]}