{"P": 0.9530321046373365, "R": 0.6030094043887148, "IoU": 0.5856064296151973, "F-score": 0.7386529452423009, "tn": 666091480, "fp": 474, "fn": 6332, "tp": 9618}