{"loss": [0.0013989624567329884, 0.0011077525559812784, 0.0008958897669799626, 0.0007377227302640676, 0.0006325863068923354, 0.0006031140219420195], "dice_coef": [0.4642517566680908, 0.4874162971973419, 0.5546756386756897, 0.5812815427780151, 0.6139773726463318, 0.628017008304596], "precision": [0.35421115159988403, 0.39833691716194153, 0.4647209644317627, 0.4949774742126465, 0.5273264646530151, 0.5571142435073853], "recall": [0.9694805145263672, 0.9642857313156128, 0.9409090876579285, 0.9279220700263977, 0.9272727370262146, 0.9025974273681641], "val_loss": [0.001828711829148233, 0.0019535503815859556, 0.001993910875171423, 0.0020084844436496496, 0.002013403456658125, 0.0020133107900619507], "val_dice_coef": [0.11253869533538818, 0.072664774954319, 0.06099390983581543, 0.05576493218541145, 0.05405878648161888, 0.05391794443130493], "val_precision": [1.0, 1.0, 1.0, 1.0, 1.0, 1.0], "val_recall": [0.04651162773370743, 0.027906976640224457, 0.01860465109348297, 0.01860465109348297, 0.013953488320112228, 0.013953488320112228]}