{"P": 0.6736277118758739, "R": 0.9363636363636364, "IoU": 0.6441387043905805, "F-score": 0.783557619160043, "tn": 666084718, "fp": 7236, "fn": 1015, "tp": 14935}