{"P": 0.8835616438356164, "R": 0.8330407523510972, "IoU": 0.7506355573131461, "F-score": 0.8575577642958564, "tn": 666090203, "fp": 1751, "fn": 2663, "tp": 13287}