{"loss": [0.5432758927345276, 0.637325644493103, 0.6366326212882996, 0.5018237829208374, 0.6400022506713867, 0.5099045038223267, 0.6123851537704468], "dice_coef": [0.00044749153312295675, 0.002321346662938595, 0.0015213564038276672, 0.0010475486051291227, 0.0015254057943820953, 0.0014258990995585918, 0.001486182794906199], "precision": [0.000230890596867539, 0.0011615132680162787, 0.0006678575300611556, 0.0004741162119898945, 0.0006690466543659568, 0.000764753669500351, 0.0007235642406158149], "recall": [0.8181818127632141, 0.9575471878051758, 0.9473684430122375, 0.9014084339141846, 0.9696969985961914, 0.9495798349380493, 0.9338235259056091], "val_loss": [0.00010550983279244974, 0.00010302876762580127, 0.00010323030437575653, 0.00010902947542490438, 0.0001210978371091187, 0.00014221006131265312, 0.00017832693993113935], "val_dice_coef": [0.8189105987548828, 0.8198868036270142, 0.8186430335044861, 0.8091962337493896, 0.7915763258934021, 0.7610892057418823, 0.7113927006721497], "val_precision": [0.9642857313156128, 0.966292142868042, 0.9555555582046509, 0.9375, 0.9200000166893005, 0.893203854560852, 0.8846153616905212], "val_recall": [0.8617021441459656, 0.914893627166748, 0.914893627166748, 0.957446813583374, 0.978723406791687, 0.978723406791687, 0.978723406791687]}