{"loss": [0.11531940847635269, 0.07802549749612808, 0.03395929932594299, 0.021953053772449493, 0.008681723847985268, 0.003927607089281082], "dice_coef": [0.001073998399078846, 0.005311798769980669, 0.007952775806188583, 0.005657241679728031, 0.015304870903491974, 0.03286365792155266], "precision": [0.0005675808060914278, 0.002846913645043969, 0.0037302386481314898, 0.0031066928058862686, 0.01860622502863407, 0.05282237008213997], "recall": [1.0, 0.9339622855186462, 0.9473684430122375, 0.98591548204422, 0.8333333134651184, 0.8571428656578064], "val_loss": [0.00017743773059919477, 0.0002479746181052178, 0.00029786411323584616, 0.00034311824128963053, 0.000395300448872149, 0.000444703153334558], "val_dice_coef": [0.7739543914794922, 0.7320952415466309, 0.702972948551178, 0.6717042922973633, 0.62749844789505, 0.5825284719467163], "val_precision": [0.9701492786407471, 0.9666666388511658, 0.9649122953414917, 0.9629629850387573, 0.9583333134651184, 0.9555555582046509], "val_recall": [0.6914893388748169, 0.6170212626457214, 0.585106372833252, 0.5531914830207825, 0.4893617033958435, 0.457446813583374]}