{"loss": [0.6083618998527527, 0.5616081357002258, 0.5064855217933655, 0.44985491037368774, 0.4072965681552887, 0.36599379777908325], "dice_coef": [3.222041414119303e-05, 0.00010161956015508622, 6.403611769201234e-05, 4.800164242624305e-05, 5.666125798597932e-05, 5.881863398826681e-05], "precision": [9.28805548028322e-06, 6.073661279515363e-05, 3.4083626815117896e-05, 2.7780864911619574e-05, 6.321112596197054e-05, 7.036472379695624e-05], "recall": [0.13636364042758942, 0.14150942862033844, 0.07518796622753143, 0.056338027119636536, 0.03787878900766373, 0.02521008439362049], "val_loss": [0.6650286912918091, 0.7033244371414185, 0.6866228580474854, 0.8775432705879211, 1.505132794380188, 1.9527337551116943], "val_dice_coef": [0.00035775458673015237, 0.00036358562647365034, 0.0003727757139131427, 0.000383345119189471, 0.0003998598549515009, 0.00040568478289060295], "val_precision": [0.00013491089339368045, 0.00018311364692635834, 0.000204694049898535, 0.00019306146714370698, 0.0001923360541695729, 0.00020030357700306922], "val_recall": [0.21276596188545227, 0.5957446694374084, 0.5319148898124695, 0.8085106611251831, 0.957446813583374, 0.957446813583374]}