{"P": 3.126025507694067e-05, "R": 0.2791222570532915, "IoU": 3.125773149667621e-05, "F-score": 6.251350896287434e-05, "tn": 523679142, "fp": 142412812, "fn": 11498, "tp": 4452}