{"loss": [5.234617128735408e-05, 5.509123730007559e-05, 4.673937655752525e-05, 3.252778697060421e-05, 4.329271541791968e-05, 3.644363096100278e-05], "dice_coef": [0.444663405418396, 0.7804734110832214, 0.766616702079773, 0.7130295038223267, 0.7648507356643677, 0.7668883204460144], "precision": [0.7872340679168701, 0.9146919250488281, 0.904411792755127, 0.9104477763175964, 0.89552241563797, 0.947826087474823], "recall": [0.8409090638160706, 0.9103773832321167, 0.9248120188713074, 0.8591549396514893, 0.9090909361839294, 0.9159663915634155], "val_loss": [0.00033896102104336023, 0.0005384148680604994, 0.0006688827415928245, 0.0007708079647272825, 0.0008612748933956027, 0.0009242136729881167], "val_dice_coef": [0.6916358470916748, 0.6043718457221985, 0.5444403886795044, 0.47937503457069397, 0.40875959396362305, 0.35094964504241943], "val_precision": [0.9800000190734863, 0.9777777791023254, 1.0, 1.0, 1.0, 1.0], "val_recall": [0.521276593208313, 0.4680851101875305, 0.40425533056259155, 0.3510638177394867, 0.3085106313228607, 0.21276596188545227]}