{"P": 0.9567184565477207, "R": 0.7026332288401254, "IoU": 0.6809868141216504, "F-score": 0.8102226720647773, "tn": 666091447, "fp": 507, "fn": 4743, "tp": 11207}